Symbol,Series,Security Name,Band,Remarks
ADVANIHOTR,EQ,Advani Hotels & Resorts (India) Limited,5,-
AICHAMP,BE,AI Champdany Industries Limited,5,"Transferred to trade for trade pursuant to NSE Circular NSE/CML/16300 dated November 15, 2010 (Less than 50% Non Promoter shareholding in dematerialized form)/Surveillance action"
AKSHOPTFBR,BE,Aksh Optifibre Limited,5,-
ALPINEHOU,EQ,Alpine Housing Development Corporation Limited,5,-
AMLSTEEL,EQ,AML Steel Limited,5,-
ANGIND,BE,ANG Industries Limited,5,-
ANTGRAPHIC,EQ,Antarctica Limited,5,-
ARSSINFRA,EQ,ARSS Infrastructure Projects Limited,5,-
ASHAPURMIN,BE,Ashapura Minechem Limited,5,-
ASHIMASYN,BE,Ashima Limited,5,-
ASIANTILES,BE,Asian Granito India Limited,5,-
ASIL,EQ,Amit Spinning Industries Limited,5,-
ATLASCYCLE,BE,Atlas Cycles (Haryana) Limited,5,-
AUSOMENT,EQ,Ausom Enterprise Limited,5,-
BANARBEADS,BE,Banaras Beads Limited,5,-
BEARDSELL,EQ,Beardsell Limited,5,-
BECREL,BE,Best & Crompton Engg. Limited,5,-
BEDMUTHA,EQ,Bedmutha Industries Limited,5,-
BHARATGEAR,BE,Bharat Gears Limited,5,-
BILENERGY,BE,Bil Energy Systems Limited,5,-
BILPOWER,BE,Bilpower Limited,5,-
BIRLACOT,EQ,Birla Cotsyn (India) Limited,5,-
BLBLIMITED,BE,BLB Limited,5,-
BLUECOAST,BE,Blue Coast Hotels Limited,5,-
BODALCHEM,EQ,Bodal Chemicals Limited,5,-
BODHTREE,BE,Bodhtree Consulting Limited,5,-
BROADCAST,EQ,Broadcast Initiatives Limited,5,-
BROOKS,BE,Brooks Laboratories Limited,5,-
BVCL,BE,Barak Valley Cements Limited,5,-
CALSOFT,EQ,California Software Company Limited,5,-
CELESTIAL,EQ,Celestial Biolabs Limited,5,-
CHEMPLAST,EQ,Chemplast Sanmar Limited,5,-
CHESLINTEX,EQ,Cheslind Textiles Limited,5,-
COROENGG,EQ,Coromandel Engineering Company Limited,5,-
CTE,EQ,Cambridge Technology Enterprises Limited,5,-
CURATECH,EQ,Cura Technologies Limited,5,-
CYBERMEDIA,EQ,Cyber Media (India) Limited,5,-
DCM,BE,DCM Limited,5,-
DELTAMAGNT,EQ,Delta Magnets Limited,5,-
DHANUS,BE,Dhanus Technologies Limited,5,"Transferred to trade for trade pursuant to NSE Circular NSE/CML/17811 dated May 18, 2011 (Less than 50% Non Promoter shareholding in dematerialized form)/Surveillance action"
DHUNINV,EQ,Dhunseri Investments Limited,5,-
DSSL,BE,Dynacons Systems & Solutions Limited,5,-
EDSERV,EQ,Edserv Softsystems Limited,5,-
ENTEGRA,EQ,Entegra Limited,5,-
EONELECT,BE,Eon Electric Limited,5,-
EUROCERA,BE,Euro Ceramics Limited,5,-
FAME,BE,Fame India Limited,5,-
FARMAXIND,EQ,Farmax India Limited,5,-
GISOLUTION,BE,GI Engineering Solutions Limited,5,-
GKB,EQ,GKB Ophthalmics Limited,5,-
GOENKA,EQ,Goenka Diamond and Jewels Limited,5,-
GOLDENTOBC,BE,Golden Tobacco Limited,5,-
GUJSTATFIN,BT,Gujarat State Financial Corporation,5,-
HALONIX,EQ,Halonix Limited,5,-
HARITASEAT,EQ,Harita Seating Systems Limited,5,-
HINDDORROL,EQ,Hindustan Dorr-Oliver Limited,5,-
HINDSYNTEX,EQ,Hind Syntex Limited,5,-
HOPFL,BE,House of Pearl Fashions Limited,5,-
HOTELRUGBY,BE,Hotel Rugby Limited,5,-
IBPOW,EQ,Indiabulls Power Limited,5,-
IBSEC,BE,Indiabulls Securities Limited,5,-
IBWSL,BE,Indiabulls Wholesale Services Limited,5,-
ICSA,EQ,ICSA (India) Limited,5,-
IFBAGRO,BE,IFB Agro Industries Limited,5,-
IITL,EQ,Industrial Investment Trust Limited,5,-
IMPEXFERRO,EQ,Impex Ferro Tech Limited,5,-
INDIANCARD,BE,Indian Card Clothing Company Limited,5,-
INFODRIVE,BE,Info-Drive Software Limited,5,-
IOLN,EQ,IOL Netcom Limited,5,-
IVRCLAH,BE,IVRCL Assets & Holdings Limited,5,-
JAIBALAJI,BE,Jai Balaji Industries Limited,5,-
JAINSTUDIO,EQ,Jain Studios Limited,5,-
JDORGOCHEM,BE,JD Orgochem Limited,5,-
JEYPORE,BE,The Jeypore Sugar Company Limited,5,"Transferred to trade for trade pursuant to NSE Circular NSE/CML/16300 dated November 15, 2010 (Less than 50% Non Promoter shareholding in dematerialized form)."
JINDALSWHL,BE,Jindal South West Holdings Limited,5,-
JINDWORLD,BE,Jindal Worldwide Limited,5,-
KAKATCEM,BE,Kakatiya Cement Sugar & Industries Limited,5,-
KALYANIFRG,BE,Kalyani Forge Limited,5,"Transferred to trade for trade pursuant to NSE Circular NSE/CML/16300 dated November 15, 2010 (Less than 50% Non Promoter shareholding in dematerialized form)."
KANANIIND,BE,Kanani Industries Limited,5,-
KANDAGIRI,BE,Kandagiri Spinning Mills Limited,5,-
KARMAENG,EQ,Karma Energy Limited,5,-
KARURKCP,BE,Karur K.C.P. Packkagings Limited,5,-
KEYCORPSER,EQ,Keynote Corporate Services Limited,5,-
KHAITANLTD,EQ,Khaitan (India) Limited,5,-
KIRIINDUS,EQ,Kiri Industries Limited,5,-
KLGSYSTEL,BE,KLG Systel Limited,5,-
KOPDRUGS,EQ,KDL Biotech Limited,5,-
KOVAI,BE,Kovai Medical Center & Hospital Limited,5,"Transferred to trade for trade pursuant to NSE Circular NSE/CML/16300 dated November 15, 2010 (Less than 50% Non Promoter shareholding in dematerialized form)."
KRISHNAENG,EQ,Krishna Engineering Works Limited,5,-
KSK,BE,KSK Energy Ventures Limited,5,-
KTIL,EQ,Kesar Terminals & Infrastructure Limited,5,-
LAKSHMIFIN,BE,The Lakshmi Finance & Industrial Corporation Limited,5,"Transferred to trade for trade pursuant to NSE Circular NSE/CML/16300 dated November 15, 2010 (Less than 50% Non Promoter shareholding in dematerialized form)."
LIQUIDBEES,EQ,Goldman Sachs Liquid Exchange Traded Scheme,5,-
MANGLMCEM,BE,Mangalam Cement Limited,5,-
MCDHOLDING,BE,McDowell Holdings Limited,5,-
MELSTAR,EQ,Melstar Information Technologies Limited,5,-
MUDRA,BE,Mudra Lifestyle Limited,5,-
MUNJALAU,BE,Munjal Auto Industries Limited,5,-
MURLIIND,EQ,Murli Industries Limited,5,-
MVL,EQ,MVL Limited,5,-
NAGREEKCAP,EQ,Nagreeka Capital & Infrastructure Limited,5,-
NCLIND,BE,NCL Industries Limited,5,-
NDTV,EQ,New Delhi Television Limited,5,-
NEHAINT,BE,Neha International Limited,5,-
NEOCORP,EQ,Neo Corp International Limited,5,-
NEOCURE,EQ,Neocure Therapeutics Limited,5,-
NEULANDLAB,BE,Neuland Laboratories Limited,5,-
NICCO,EQ,Nicco Corporation Limited,5,-
NOVOPANIND,EQ,Novopan Industries Limited,5,-
NSIL,BE,Nalwa Sons Investments Limited,5,-
NUCENT,EQ,Nucent Finance Limited,5,-
NUMERICPW,BE,Numeric Power Systems Limited,5,-
NUTEK,EQ,Nu Tek India Limited,5,-
OSWALMIN,EQ,Oswal Minerals Limited,5,-
PANASONIC,BE,Panasonic Home Appliances India Company Limited,5,-
PANCARBON,EQ,Panasonic Carbon India Company Limited,5,-
PANCHSHEEL,EQ,Panchsheel Organics Limited,5,-
PARAL,BE,Parekh Aluminex Limited,5,-
PARRYSUGAR,EQ,Parrys Sugar Industries Limited,5,-
PBAINFRA,BE,PBA Infrastructure Limited,5,-
PEACOCKIND,BE,Peacock Industries Limited,5,-
PERIATEA,EQ,The Peria Karamalai Tea & Produce Company Limited,5,-
PGEL,BE,PG Electroplast Limited,5,-
PILANIINV,BE,Pilani Investment and Industries Corporation Limited,5,"Transferred to trade for trade pursuant to NSE Circular NSE/CML/19226 dated October 24, 2011 (Less than 50% Non Promoter shareholding in dematerialized form)."
POLARIND,BE,Polar Industries Limited,5,-
PRAENG,BE,Prajay Engineers Syndicate Limited,5,-
PRAKASH,BE,Prakash Industries Limited,5,-
PRICOL,BE,Pricol Limited,5,-
PRITHVISOF,EQ,Prithvi Softech Limited,5,-
RAIREKMOH,EQ,Raisaheb Reckhchand Mohota Spinning & Weaving Mills Limited,5,-
RANKLIN,EQ,Ranklin Solutions Limited,5,-
RASOYPR,EQ,Rasoya Proteins Limited,5,-
REFEX,BE,Refex Refrigerants Limited,5,-
REGENCERAM,BE,Regency Ceramics Limited,5,"Transferred to trade for trade pursuant to NSE Circular NSE/CML/16300 dated November 15, 2010 (Less than 50% Non Promoter shareholding in dematerialized form)/Surveillance action"
REMSONSIND,EQ,Remsons Industries Limited,5,-
RESURGERE,BE,Resurgere Mines & Minerals India Limited,5,-
ROMAN,EQ,Roman Tarmat Limited,5,-
SABERORGAN,BE,Sabero Organics Gujarat Limited,5,-
SAKTHIFIN,BE,Sakthi Finance Limited,5,"Transferred to trade for trade pursuant to NSE Circular NSE/CML/16300 dated November 15, 2010 (Less than 50% Non Promoter shareholding in dematerialized form)."
SALONACOT,EQ,Salona Cotspin Limited,5,-
SAMBHAAV,EQ,Sambhaav Media Limited,5,-
SAMTEL,BE,Samtel Color Limited,5,"Transferred to trade for trade pursuant to NSE Circular NSE/CML/16300 dated November 15, 2010 (Less than 50% Non Promoter shareholding in dematerialized form)."
SANWARIA,EQ,Sanwaria Agro Oils Limited,5,-
SARTHAKIND,EQ,Sarthak Industries Limited,5,-
SEZAL,BE,Sezal Glass Limited,5,-
SGFL,BE,Shree Ganesh Forgings Limited,5,-
SGL,BE,STL Global Limited,5,-
SHASUNPHAR,BE,Shasun Pharmaceuticals Limited,5,-
SHIVAMAUTO,BE,Shivam Autotech Limited,5,-
SHREYANIND,EQ,Shreyans Industries Limited,5,-
SHREYAS,BE,Shreyas Shipping & Logistics Limited,5,-
SIL,BE,Standard Industries Limited,5,"Transferred to trade for trade pursuant to NSE Circular NSE/CML/16300 dated November 15, 2010 (Less than 50% Non Promoter shareholding in dematerialized form)."
SOMATEX,EQ,Soma Textiles & Industries Limited,5,-
SOUISPAT,EQ,Southern Ispat And Energy Limited,5,-
SPECTACLE,EQ,Spectacle Infotek Limited,5,-
SPLIL,EQ,SPL Industries Limited,5,-
SPYL,EQ,Shekhawati Poly-Yarn Limited,5,-
SRHHYPOLTD,BE,Sree Rayalaseema Hi-Strength Hypo Limited,5,-
SRICHAMUND,EQ,Sri Chamundeswari Sugars Limited,5,-
STERLINBIO,EQ,Sterling Biotech Limited,5,-
STINDIA,EQ,STI India Limited,5,-
STOREONE,BE,Store One Retail India Limited,5,-
SUJANATOW,EQ,Sujana Tower Limited,5,-
SUPREMETEX,BE,Supreme Tex Mart Limited,5,"Transferred to trade for trade pursuant to NSE Circular NSE/CML/16300 dated November 15, 2010 (Less than 50% Non Promoter shareholding in dematerialized form)."
SURYAJYOTI,BE,Suryajyoti Spinning Mills Limited,5,-
SURYAPHARM,EQ,Surya Pharmaceutical Limited,5,-
TAINWALCHM,BE,Tainwala Chemical and Plastic (I) Limited,5,-
TAKSHEEL,EQ,Taksheel Solutions Limited,5,-
TANLA,EQ,Tanla Solutions Limited,5,-
TCIFINANCE,BE,TCI Finance Limited,5,-
TCPLTD,BE,TCP Limited,5,-
TELEDATAIT,EQ,Teledata Technology Solutions Limited,5,-
TFL,EQ,Transwarranty Finance Limited,5,-
TIJARIA,EQ,Tijaria Polypipes Limited,5,-
TIMBOR,EQ,Timbor Home Limited,5,-
TIMESGTY,EQ,Times Guaranty Limited,5,-
TNTELE,BE,Tamilnadu Telecommunication Limited,5,"Transferred to trade for trade pursuant to NSE Circular NSE/CML/16300 dated November 15, 2010 (Less than 50% Non Promoter shareholding in dematerialized form)/Surveillance action"
TOKYOPLAST,EQ,Tokyo Plast International Limited,5,-
UNITEDTEA,EQ,The United Nilgiri Tea Estates Company Limited,5,-
V2RETAIL,EQ,V2 Retail Limited,5,-
VARUN,EQ,Varun Industries Limited,5,-
VICEROY,BE,Viceroy Hotels Limited,5,-
VIJSHAN,BE,Vijay Shanthi Builders Limited,5,-
VIKASGLOB,EQ,Vikas GlobalOne Limited,5,-
VIKASHMET,BE,Vikash Metal & Power Limited,5,-
VLSFINANCE,EQ,VLS Finance Limited,5,-
VTMLTD,EQ,VTM Limited,5,-
WANBURY,BE,Wanbury Limited,5,-
WEBELSOLAR,EQ,Websol Energy System Limited,5,-
WEIZFOREX,EQ,Weizmann Forex Limited,5,-
WELGLOB,EQ,Welspun Global Brands Limited,5,-
WELINV,EQ,Welspun Investments and Commercials Limited,5,-
WELSPUNIND,BE,Welspun India Limited,5,-
WINSOME,BE,Winsome Yarns Limited,5,-
WSI,BE,W S Industries (I) Limited,5,-
WWIL,EQ,Wire and Wireless (India) Limited,5,-
ZEELEARN,BE,Zee Learn Limited,5,-
ZENITHEXPO,EQ,Zenith Exports Limited,5,-
ACROPETAL,EQ,Acropetal Technologies Limited,10,-
AGRODUTCH,EQ,Agro Dutch Industries Limited,10,-
ALCHEM,EQ,Alchemist Limited,10,-
ALLSEC,EQ,Allsec Technologies Limited,10,-
ALMONDZ,EQ,Almondz Global Securities Limited,10,-
ALPHAGEO,EQ,Alphageo (India) Limited,10,-
ANDHRACEMT,EQ,Andhra Cements Limited,10,-
ANKURDRUGS,EQ,Ankur Drugs And Pharma Limited,10,-
APPAPER,EQ,The Andhra Pradesh Paper Mills Limited,10,-
APTECHT,EQ,Aptech Limited,10,-
ARCHIDPLY,EQ,Archidply Industries Limited,10,-
ARIHANT,EQ,Arihant Foundations & Housing Limited,10,-
ASHCONIUL,EQ,Ashco Niulab Industries Limited,10,-
ASIANELEC,EQ,Asian Electronics Limited,10,-
ASSAMCO,EQ,Assam Company India Limited,10,-
ASTEC,EQ,Astec LifeSciences Limited,10,-
AUSTRAL,EQ,Austral Coke & Projects Limited,10,-
AUTOIND,EQ,Autoline Industries Limited,10,-
AVANTI,EQ,Avanti Feeds Limited,10,-
AVTNPL,EQ,AVT Natural Products Limited,10,-
AXIS-IT&T,EQ,Axis-IT&T Limited,10,-
BAGFILMS,EQ,B.A.G Films and Media Limited,10,-
BELLCERATL,EQ,Bell Ceramics Limited,10,-
BGLOBAL,EQ,Bharatiya Global Infomedia Limited,10,-
BINANIIND,EQ,Binani Industries Limited,10,-
BIRLAMONEY,EQ,Aditya Birla Money Limited,10,-
BSELINFRA,EQ,BSEL Infrastructure Realty Limited,10,-
BSL,EQ,BSL Limited,10,-
CAMBRIDGE,EQ,Cambridge Solutions Limited,10,-
CILNOVA,EQ,CIL Nova Petrochemicals Limited,10,-
CINEVISTA,EQ,Cinevistaas Limited,10,-
CLASSIC,EQ,Classic Diamonds (India) Limited,10,-
CORAL-HUB,EQ,Coral Hub Limited,10,-
CREWBOS,EQ,Crew B.O.S. Products Limited,10,-
CUBEXTUB,EQ,Cubex Tubings Limited,10,-
DECOLIGHT,EQ,Decolight Ceramics Limited,10,-
DEN,EQ,Den Networks Limited,10,-
DPSCLTD,EQ,DPSC Limited,10,-
DUNCANSIND,EQ,Duncans Industries Limited,10,-
DWARKESH,EQ,Dwarikesh Sugar Industries Limited,10,-
EASTSILK,EQ,Eastern Silk Industries Limited,10,-
ECEIND,EQ,ECE Industries Limited,10,-
ELECTHERM,EQ,Electrotherm (India) Limited,10,-
ELFORGE,EQ,EL Forge Limited,10,-
EMAMIINFRA,EQ,Emami Infrastructure Limited,10,-
EMPEESUG,EQ,Empee Sugars and Chemicals Limited,10,-
FOURSOFT,EQ,Four Soft Limited,10,-
FSL,EQ,Firstsource Solutions Limited,10,-
FTCPOF5YDV,EQ,Franklin Templeton Capital Protection Oriented Fund,10,-
FTCPOF5YGR,EQ,Franklin Templeton Capital Protection Oriented Fund,10,-
GAL,EQ,Gyscoal Alloys Limited,10,-
GALLISPAT,EQ,Gallantt Ispat Limited,10,-
GANGOTRI,EQ,Gangotri Textiles Limited,10,-
GATI,EQ,GATI Limited,10,-
GENESYS,EQ,Genesys International Corporation Limited,10,-
GINNIFILA,EQ,Ginni Filaments Limited,10,-
GKWLIMITED,EQ,GKW Limited,10,-
GLFL,EQ,Gujarat Lease Financing Limited,10,-
GLOBALVECT,EQ,Global Vectra Helicorp Limited,10,-
GLODYNE,EQ,Glodyne Technoserve Limited,10,-
GSS,EQ,GSS Infotech Limited,10,-
HBSTOCK,EQ,HB Stockholdings Limited,10,-
HILTON,EQ,Hilton Metal Forging Limited,10,-
HIMATSEIDE,EQ,Himatsingka Seide Limited,10,-
HINDMOTORS,EQ,Hindustan Motors Limited,10,-
HOCL,EQ,Hindustan Organic Chemicals Limited,10,-
IGARASHI,EQ,Igarashi Motors India Limited,10,-
INDOSOLAR,EQ,Indosolar Limited,10,-
INDOTECH,EQ,Indo Tech Transformers Limited,10,-
INDOWIND,EQ,Indowind Energy Limited,10,-
INDTERRAIN,EQ,Indian Terrain Fashions Limited,10,-
INVENTURE,EQ,Inventure Growth & Securities Limited,10,-
JAMNAAUTO,EQ,Jamna Auto Industries Limited,10,-
JAYBARMARU,EQ,Jay Bharat Maruti Limited,10,-
JCTEL,EQ,JCT Electronics Limited,10,-
KAMATHOTEL,EQ,Kamat Hotels (I) Limited,10,-
KECL,EQ,Kirloskar Electric Company Limited,10,-
KERNEX,EQ,Kernex Microsystems (India) Limited,10,-
KESORAMIND,EQ,Kesoram Industries Limited,10,-
KHANDSE,EQ,Khandwala Securities Limited,10,-
KILITCH,EQ,Kilitch Drugs (India) Limited,10,-
KITPLYIND,EQ,Kitply Industries Limited,10,-
KOKUYOCMLN,EQ,Kokuyo Camlin Limited,10,-
KSERASERA,EQ,K Sera Sera Limited,10,-
LOGIXMICRO,EQ,Logix Microsystems Limited,10,-
LPDC,EQ,Landmark Property Development Company Limited,10,-
LYKALABS,EQ,Lyka Labs Limited,10,-
MAANALU,EQ,Maan Aluminium Limited,10,-
MAGNUM,EQ,Magnum Ventures Limited,10,-
MALUPAPER,EQ,Malu Paper Mills Limited,10,-
MANAPPURAM,EQ,Manappuram Finance Limited,10,-
MANGTIMBER,EQ,Mangalam Timber Products Limited,10,-
MARALOVER,EQ,Maral Overseas Limited,10,-
MBSWITCH,EQ,M AND B Switchgears Limited,10,-
MIC,EQ,MIC Electronics Limited,10,-
MMTC,EQ,MMTC Limited,10,-
MOREPENLAB,EQ,Morepen Laboratories Limited,10,-
MOSERBAER,EQ,Moser-Baer (I) Limited,10,-
NAGREEKEXP,EQ,Nagreeka Exports Limited,10,-
NELCO,EQ,NELCO Limited,10,-
NOL,EQ,National Oxygen Limited,10,-
NRC,EQ,NRC Limited,10,-
ORIENTREF,EQ,Orient Refractories Limited,10,-
PARAPRINT,EQ,Paramount Printpackaging Limited,10,-
PDPL,EQ,Parenteral Drugs (India) Limited,10,-
PDUMJEIND,EQ,Pudumjee Industries Limited,10,-
PEARLPOLY,EQ,Pearl Polymers Limited,10,-
PIRLIFE,EQ,Piramal Life Sciences Limited,10,-
PNC,EQ,Pritish Nandy Communications Limited,10,-
PRAKASHCON,EQ,Prakash Constrowell Limited,10,-
PRIMESECU,EQ,Prime Securities Limited,10,-
PRITHVI,EQ,Prithvi Information Solutions Limited,10,-
PUNJABCHEM,EQ,Punjab Chemicals & Crop Protection Limited,10,-
QUINTEGRA,EQ,Quintegra Solutions Limited,10,-
RAMANEWS,EQ,Rama Newsprint and Papers Limited,10,-
RAMCOSYS,EQ,Ramco Systems Limited,10,-
RAMSARUP,EQ,Ramsarup Industries Limited,10,-
RANASUG,EQ,Rana Sugars Limited,10,-
RELMEDIA,EQ,Reliance MediaWorks Limited,10,-
RKDL,EQ,Ravi Kumar Distilleries Limited,10,-
RSYSTEMS,EQ,R Systems International Limited,10,-
RUCHINFRA,EQ,Ruchi Infrastructure Limited,10,-
SAKHTISUG,EQ,Sakthi Sugars Limited,10,-
SALSTEEL,EQ,S.A.L. Steel Limited,10,-
SANGHIIND,EQ,Sanghi Industries Limited,10,-
SERVALL,EQ,Servalakshmi Paper Limited,10,-
SHAHALLOYS,EQ,Shah Alloys Limited,10,-
SHALPAINTS,EQ,Shalimar Paints Limited,10,-
SHRINATRAJ,EQ,Shri Nataraj Ceramic and Chemical Industries Limited,10,-
SKSMICRO,EQ,SKS Microfinance Limited,10,-
SMARTLINK,EQ,Smartlink Network Systems Limited,10,-
SMPL,EQ,Sujana Metal Products Limited,10,-
SPIC,EQ,Southern Petrochemicals Industries Corporation Limited,10,-
SPMLINFRA,EQ,SPML Infra Limited,10,-
STCINDIA,EQ,The State Trading Corporation of India Limited,10,-
STEL,EQ,Stel Holdings Limited,10,-
SUBEX,EQ,Subex Limited,10,-
SUBROS,EQ,Subros Limited,10,-
SURANAIND,EQ,Surana Industries Limited,10,-
TATAMETALI,EQ,Tata Metaliks Limited,10,-
THEBYKE,EQ,The Byke Hospitality Limited,10,-
TWILITAKA,EQ,Twilight Litaka Pharma Limited,10,-
UBHOLDINGS,EQ,United Breweries (Holdings) Limited,10,-
UMESLTD,EQ,Usha Martin Education & Solutions Limited,10,-
UNIPLY,EQ,Uniply Industries Limited,10,-
UNITY,EQ,Unity Infraprojects Limited,10,-
UNIVCABLES,EQ,Universal Cables Limited,10,-
USHERAGRO,EQ,Usher Agro Limited,10,-
UTTAMSUGAR,EQ,Uttam Sugar Mills Limited,10,-
VASWANI,EQ,Vaswani Industries Limited,10,-
VISESHINFO,EQ,Visesh Infotecnics Limited,10,-
WEIZMANIND,EQ,Weizmann Limited,10,-
WELPROJ,EQ,Welspun Projects Limited,10,-
WHEELS,EQ,Wheels India Limited,10,-
XLENERGY,EQ,XL Energy Limited,10,-
ZODJRDMKJ,EQ,Zodiac JRD- MKJ Limited,10,-
20MICRONS,EQ,20 Microns Limited,20,-
3IINFOTECH,EQ,3i Infotech Limited,20,-
3MINDIA,EQ,3M India Limited,20,-
A2ZMES,EQ,A2Z Maintenance & Engineering Services Limited,20,-
AANJANEYA,EQ,Aanjaneya Lifecare Limited,20,-
AARTIDRUGS,EQ,Aarti Drugs Limited,20,-
AARTIIND,EQ,Aarti Industries Limited,20,-
AARVEEDEN,EQ,Aarvee Denims & Exports Limited,20,-
ABBOTINDIA,EQ,Abbott India Limited,20,-
ABCIL,EQ,Aditya Birla Chemicals (India) Limited,20,-
ABHISHEK,EQ,Abhishek Corporation Limited,20,-
ACE,EQ,Action Construction Equipment Limited,20,-
ADFFOODS,EQ,ADF Foods Limited,20,-
ADHUNIK,EQ,Adhunik Metaliks Limited,20,-
ADORWELD,EQ,Ador Welding Limited,20,-
ADSL,EQ,Allied Digital Services Limited,20,-
ADVANTA,EQ,Advanta India Limited,20,-
AEGISCHEM,EQ,Aegis Logistics Limited,20,-
AFL,EQ,Accel Frontline Limited,20,-
AFTEK,EQ,Aftek Limited,20,-
AGCNET,EQ,AGC Networks Limited,20,-
AHLEAST,EQ,Asian Hotels (East) Limited,20,-
AHLUCONT,EQ,Ahluwalia Contracts (India) Limited,20,-
AHLWEST,EQ,Asian Hotels (West) Limited,20,-
AHMEDFORGE,EQ,Ahmednagar Forgings Limited,20,-
AIAENG,EQ,AIA Engineering Limited,20,-
AJANTPHARM,EQ,Ajanta Pharma Limited,20,-
AJMERA,EQ,Ajmera Realty & Infra India Limited,20,-
AKZOINDIA,EQ,Akzo Nobel India Limited,20,-
ALEMBICLTD,EQ,Alembic Limited,20,-
ALICON,EQ,Alicon Castalloy Limited,20,-
ALKALI,EQ,Alkali Metals Limited,20,-
ALKYLAMINE,EQ,Alkyl Amines Chemicals Limited,20,-
ALLCARGO,EQ,Allcargo Logistics Limited,20,-
ALPA,EQ,Alpa Laboratories Limited,20,-
ALPSINDUS,EQ,Alps Industries Limited,20,-
ALSTOMT&D,EQ,Alstom T&D India Limited,20,-
AMAR,EQ,Amar Remedies Limited,20,-
AMARAJABAT,EQ,Amara Raja Batteries Limited,20,-
AMARJOTHI,EQ,Amarjothi Spinning Mills Limited,20,-
AMBIKCO,EQ,Ambika Cotton Mills Limited,20,-
AMDIND,EQ,AMD Industries Limited,20,-
AMRUTANJAN,EQ,Amrutanjan Health Care Limited,20,-
AMTEKAUTO,EQ,Amtek Auto Limited,20,-
AMTEKINDIA,EQ,Amtek India Limited,20,-
ANANTRAJ,EQ,Anant Raj Industries Limited,20,-
ANDHRSUGAR,EQ,The Andhra Sugars Limited,20,-
ANIKINDS,EQ,Anik Industries Limited,20,-
ANSALAPI,EQ,Ansal Properties & Infrastructure Limited,20,-
ANSALHSG,EQ,Ansal Housing and Construction Limited,20,-
APARINDS,EQ,Apar Industries Limited,20,-
APCOTEXIND,EQ,Apcotex Industries Limited,20,-
APLAB,EQ,Aplab Limited,20,-
APLAPOLLO,EQ,APL Apollo Tubes Limited,20,-
APLLTD,EQ,Alembic Pharmaceuticals Limited,20,-
APOLLOHOSP,EQ,Apollo Hospitals Enterprise Limited,20,-
AQUA,EQ,Aqua Logistics Limited,20,-
ARCHIES,EQ,Archies Limited,20,-
ARIES,EQ,Aries Agro Limited,20,-
ARL,EQ,Arvind Remedies Limited,20,-
AROGRANITE,EQ,Aro Granite Industries Limited,20,-
ARROWTEX,EQ,Arrow Textiles Limited,20,-
ARSHIYA,EQ,Arshiya International Limited,20,-
ASAHIINDIA,EQ,Asahi India Glass Limited,20,-
ASAHISONG,EQ,Asahi Songwon Colors Limited,20,-
ASAL,EQ,Automotive Stampings and Assemblies Limited,20,-
ASHIANA,EQ,Ashiana Housing Limited,20,-
ASHOKA,EQ,Ashoka Buildcon Limited,20,-
ASIANHOTNR,EQ,Asian Hotels (North) Limited,20,-
ASTERSILI,EQ,Aster Silicates Limited,20,-
ASTRAL,EQ,Astral Poly Technik Limited,20,-
ASTRAMICRO,EQ,Astra Microwave Products Limited,20,-
ASTRAZEN,EQ,AstraZeneca Pharma India Limited,20,-
ATFL,EQ,Agro Tech Foods Limited,20,-
ATLANTA,EQ,Atlanta Limited,20,-
ATNINTER,EQ,ATN International Limited,20,-
ATUL,EQ,Atul Limited,20,-
AURIONPRO,EQ,Aurionpro Solutions Limited,20,-
AUTOAXLES,EQ,Automotive Axles Limited,20,-
AUTOLITIND,EQ,Autolite (India) Limited,20,-
AVENTIS,EQ,Aventis Pharma Limited,20,-
AXISGOLD,EQ,Axis Mutual Fund - Axis Gold ETF,20,-
BAJAJCORP,EQ,Bajaj Corp Limited,20,-
BAJAJELEC,EQ,Bajaj Electricals Limited,20,-
BAJAJFINSV,EQ,Bajaj Finserv Limited,20,-
BAJFINANCE,EQ,Bajaj Finance Limited,20,-
BALAJITELE,EQ,Balaji Telefilms Limited,20,-
BALAMINES,EQ,Balaji Amines Limited,20,-
BALKRISIND,EQ,Balkrishna Industries Limited,20,-
BALLARPUR,EQ,Ballarpur Industries Limited,20,-
BALMLAWRIE,EQ,Balmer Lawrie & Company Limited,20,-
BALPHARMA,EQ,Bal Pharma Limited,20,-
BANARISUG,EQ,Bannari Amman Sugars Limited,20,-
BANCOINDIA,EQ,Banco Products (I) Limited,20,-
BANG,EQ,Bang Overseas Limited,20,-
BANKBEES,EQ,Goldman Sachs Banking Index Exchange Traded Scheme,20,-
BANSWRAS,EQ,Banswara Syntex Limited,20,-
BARTRONICS,EQ,Bartronics India Limited,20,-
BASF,EQ,BASF India Limited,20,-
BASML,EQ,Bannari Amman Spinning Mills Limited,20,-
BATLIBOI,EQ,Batliboi Limited,20,-
BAYERCROP,EQ,Bayer Cropscience Limited,20,-
BBL,EQ,Bharat Bijlee Limited,20,-
BBTC,EQ,Bombay Burmah Trading Corporation Limited,20,-
BEPL,EQ,Bhansali Engineering Polymers Limited,20,-
BERGEPAINT,EQ,Berger Paints (I) Limited,20,-
BFINVEST,EQ,BF Investment Limited,20,-
BHAGWATIHO,EQ,Bhagwati Banquets and Hotels Limited,20,-
BHAGYNAGAR,EQ,Bhagyanagar India Limited,20,-
BHARATFORG,W2,Bharat Forge Limited,20,-
BHARATRAS,EQ,Bharat Rasayan Limited,20,-
BHARTISHIP,EQ,Bharati Shipyard Limited,20,-
BIL,EQ,Bhartiya International Limited,20,-
BIMETAL,EQ,Bimetal Bearings Limited,20,-
BINDALAGRO,EQ,Oswal Chemicals & Fertilizers Limited,20,-
BIRLACORPN,EQ,Birla Corporation Limited,20,-
BIRLAERIC,EQ,Birla Ericsson Optical Limited,20,-
BIRLAPOWER,EQ,Birla Power Solutions Limited,20,-
BLISSGVS,EQ,Bliss GVS Pharma Limited,20,-
BLKASHYAP,EQ,B. L. Kashyap and Sons Limited,20,-
BLUECHIP,EQ,Blue Chip India Limited,20,-
BLUEDART,EQ,Blue Dart Express Limited,20,-
BLUESTARCO,EQ,Blue Star Limited,20,-
BLUESTINFO,EQ,Blue Star Infotech Limited,20,-
BOC,EQ,BOC India Limited,20,-
BPL,EQ,BPL Limited,20,-
BRANDHOUSE,EQ,Brandhouse Retails Limited,20,-
BRIGADE,EQ,Brigade Enterprises Limited,20,-
BRITANNIA,EQ,Britannia Industries Limited,20,-
BSLGOLDETF,EQ,Birla Sun Life Mutual Fund - Birla Sun Life Gold ETF - Growth,20,-
BSLNIFTY,EQ,Birla Sun Life Mutual Fund - Birla Sun Life Nifty ETF - Growth,20,-
BSTRANSCOM,EQ,BS TransComm Limited,20,-
BURNPUR,EQ,Burnpur Cement Limited,20,-
CADILAHC,EQ,Cadila Healthcare Limited,20,-
CANDC,EQ,C & C Constructions Limited,20,-
CANFINHOME,EQ,Can Fin Homes Limited,20,-
CANTABIL,EQ,Cantabil Retail India Limited,20,-
CARBORUNIV,EQ,Carborundum Universal Limited,20,-
CAREERP,EQ,Career Point Limited,20,-
CASTROL,EQ,Castrol India Limited,20,-
CCCL,EQ,Consolidated Construction Consortium Limited,20,-
CCL,EQ,CCL Products (India) Limited,20,-
CEATLTD,EQ,CEAT Limited,20,-
CEBBCO,EQ,Commercial Engineers & Body Builders Co Limited,20,-
CELEBRITY,EQ,Celebrity Fashions Limited,20,-
CENTENKA,EQ,Century Enka Limited,20,-
CENTEXT,EQ,Century Extrusions Limited,20,-
CENTUM,EQ,Centum Electronics Limited,20,-
CENTURYPLY,EQ,Century Plyboards (India) Limited,20,-
CERA,EQ,Cera Sanitaryware Limited,20,-
CHEMFALKAL,EQ,Chemfab Alkalis Limited,20,-
CHENNPETRO,EQ,Chennai Petroleum Corporation Limited,20,-
CHETTINAD,EQ,Chettinad Cement Corporation Limited,20,-
CHOLAFIN,EQ,Cholamandalam Investment and Finance Company Limited,20,-
CIMMCO,EQ,Cimmco Limited,20,-
CINEMAX,EQ,Cinemax India Limited,20,-
CLNINDIA,EQ,Clariant Chemicals (India) Limited,20,-
CLUTCHAUTO,EQ,Clutch Auto Limited,20,-
CMAHENDRA,EQ,C. Mahendra Exports Limited,20,-
COMPUAGE,EQ,Compuage Infocom Limited,20,-
COMPUSOFT,EQ,Compucom Software Limited,20,-
CONCOR,EQ,Container Corporation of India Limited,20,CNX PSE Index
CONSOFINVT,EQ,Consolidated Finvest & Holdings Limited,20,-
CORDSCABLE,EQ,Cords Cable Industries Limited,20,-
COROMANDEL,EQ,Coromandel International Limited,20,-
CORPBANK,EQ,Corporation Bank,20,-
COSMOFILMS,EQ,Cosmo Films Limited,20,-
COX&KINGS,EQ,Cox & Kings Limited,20,-
CREATIVEYE,EQ,Creative Eye Limited,20,-
CRESTANI,EQ,Crest Animation Studios Limited,20,-
CRISIL,EQ,CRISIL Limited,20,-
CRMFGETF,EQ,Canara Robeco Mutual Fund - Canara Robeco Gold Exchange Traded Fund,20,-
CUB,EQ,City Union Bank Limited,20,-
CYBERTECH,EQ,Cybertech Systems And Software Limited,20,-
DAAWAT,EQ,LT Foods Limited,20,-
DALMIABEL,EQ,Dalmia Bharat Enterprises Limited,20,-
DALMIASUG,EQ,Dalmia Bharat Sugar and Industries Limited,20,-
DATAMATICS,EQ,Datamatics Global Services Limited,20,-
DBCORP,EQ,D.B.Corp Limited,20,-
DBREALTY,EQ,D B Realty Limited,20,-
DBSTOCKBRO,EQ,DB (International) Stock Brokers Limited,20,-
DCHL,EQ,Deccan Chronicle Holdings Limited,20,-
DCMSRMCONS,EQ,DCM Shriram Consolidated Limited,20,-
DCW,EQ,DCW Limited,20,-
DECCANCE,EQ,Deccan Cements Limited,20,-
DEEPAKFERT,EQ,Deepak Fertilizers and Petrochemicals Corporation Limited,20,-
DEEPAKNTR,EQ,Deepak Nitrite Limited,20,-
DEEPIND,EQ,Deep Industries Limited,20,-
DENORA,EQ,De Nora India Limited,20,-
DENSO,EQ,Denso India Limited,20,-
DEWANHOUS,EQ,Dewan Housing Finance Corporation Limited,20,-
DHAMPURSUG,EQ,The Dhampur Sugar Mills Limited,20,-
DHANBANK,EQ,Dhanlaxmi Bank Limited,20,-
DHANUKA,EQ,Dhanuka Agritech Limited,20,-
DHARSUGAR,EQ,Dharani Sugars & Chemicals Limited,20,-
DIAPOWER,EQ,Diamond Power Infra Ltd,20,-
DICIND,EQ,DIC India Limited,20,-
DIGJAM,EQ,Digjam Limited,20,-
DISHMAN,EQ,Dishman Pharmaceuticals and Chemicals Limited,20,-
DLINKINDIA,EQ,D-Link (India) Limited,20,-
DOLPHINOFF,EQ,Dolphin Offshore Enterprises (India) Limited,20,-
DONEAR,EQ,Donear Industries Limited,20,-
DPTL,EQ,Dhunseri Petrochem & Tea Limited,20,-
DQE,EQ,DQ Entertainment (International) Limited,20,-
DREDGECORP,EQ,Dredging Corporation of India Limited,20,-
DSKULKARNI,EQ,DS Kulkarni Developers Limited,20,-
DYNAMATECH,EQ,Dynamatic Technologies Limited,20,-
EASUNREYRL,EQ,Easun Reyrolle Limited,20,-
ECLERX,EQ,eClerx Services Limited,20,-
EDELWEISS,EQ,Edelweiss Financial Services Limited,20,-
EDL,EQ,Empee Distilleries Limited,20,-
EICHERMOT,EQ,Eicher Motors Limited,20,-
EIDPARRY,EQ,EID Parry India Limited,20,-
EIHAHOTELS,EQ,EIH Associated Hotels Limited,20,-
EIHOTEL,EQ,EIH Limited,20,-
EIMCOELECO,EQ,Eimco Elecon (India) Limited,20,-
EKC,EQ,Everest Kanto Cylinder Limited,20,-
ELDERPHARM,EQ,Elder Pharmaceuticals Limited,20,-
ELECON,EQ,Elecon Engineering Company Limited,20,-
ELECTCAST,EQ,Electrosteel Castings Limited,20,-
ELECTCAST,W1,Electrosteel Castings Limited,20,-
ELGIEQUIP,EQ,Elgi Equipments Limited,20,-
ELGIRUBCO,EQ,Elgi Rubber Company Limited,20,-
ELNET,EQ,Elnet Technologies Limited,20,-
EMAMILTD,EQ,Emami Limited,20,-
EMCO,EQ,Emco Limited,20,-
EMKAY,EQ,Emkay Global Financial Services Limited,20,-
EMMBI,EQ,Emmbi Polyarns Limited,20,-
ENERGYDEV,EQ,Energy Development Company Limited,20,-
ENGINERSIN,EQ,Engineers India Limited,20,CNX PSE Index
ENIL,EQ,Entertainment Network (India) Limited,20,-
ERAINFRA,EQ,Era Infra Engineering Limited,20,-
EROSMEDIA,EQ,Eros International Media Limited,20,-
ESABINDIA,EQ,Esab India Limited,20,-
ESL,EQ,Electrosteel Steels Limited,20,-
ESSARPORTS,EQ,Essar Ports Limited,20,-
ESSARSHPNG,EQ,Essar Shipping Limited,20,-
ESSDEE,EQ,Ess Dee Aluminium Limited,20,-
ESSELPACK,EQ,Essel Propack Limited,20,-
ESTER,EQ,Ester Industries Limited,20,-
EUROMULTI,EQ,Euro Multivision Limited,20,-
EUROTEXIND,EQ,Eurotex Industries and Exports Limited,20,-
EVEREADY,EQ,Eveready Industries India Limited,20,-
EVERESTIND,EQ,Everest Industries Limited,20,-
EVERONN,EQ,Everonn Education Limited,20,-
EXCELCROP,EQ,Excel Crop Care Limited,20,-
EXCELINDUS,EQ,Excel Industries Limited,20,-
EXCELINFO,EQ,Excel Infoways Limited,20,-
FACT,EQ,Fertilizers and Chemicals Travancore Limited,20,-
FAGBEARING,EQ,FAG Bearings India Limited,20,-
FCH,EQ,Future Capital Holdings Limited,20,-
FCSSOFT,EQ,FCS Software Solutions Limited,20,-
FDC,EQ,FDC Limited,20,-
FEDDERLOYD,EQ,Fedders Lloyd Corporation Limited,20,-
FIEMIND,EQ,Fiem Industries Limited,20,-
FILATEX,EQ,Filatex India Limited,20,-
FINCABLES,EQ,Finolex Cables Limited,20,-
FINPIPE,EQ,Finolex Industries Limited,20,-
FIRSTLEASE,EQ,First Leasing Company of India Limited,20,-
FIRSTWIN,EQ,First Winner Industries Limited,20,-
FKONCO,EQ,Fresenius Kabi Oncology Limited,20,-
FLEXITUFF,EQ,Flexituff International Limited,20,-
FMGOETZE,EQ,Federal-Mogul Goetze (India) Limited.,20,-
FMNL,EQ,Future Market Networks Limited,20,-
FOSECOIND,EQ,Foseco India Limited,20,-
FUTUREVENT,EQ,Future Ventures India Limited,20,-
GABRIEL,EQ,Gabriel India Limited,20,-
GAEL,EQ,Gujarat Ambuja Exports Limited,20,-
GALLANTT,EQ,Gallantt Metal Limited,20,-
GAMMNINFRA,EQ,Gammon Infrastructure Projects Limited,20,-
GAMMONIND,EQ,Gammon India Limited,20,-
GANDHITUBE,EQ,Gandhi Special Tubes Limited,20,-
GANESHHOUC,EQ,Ganesh Housing Corporation Limited,20,-
GARDENSILK,EQ,Garden Silk Mills Limited,20,-
GARWALLROP,EQ,Garware Wall Ropes Limited,20,-
GAYAPROJ,EQ,Gayatri Projects Limited,20,-
GDL,EQ,Gateway Distriparks Limited,20,-
GEECEE,EQ,GeeCee Ventures Limited,20,-
GEINDSYS,EQ,GEI Industrial Systems Limited,20,-
GEMINI,EQ,Gemini Communication Limited,20,-
GENUSPOWER,EQ,Genus Power Infrastructures Limited,20,-
GEODESIC,EQ,Geodesic Limited,20,-
GEOJITBNPP,EQ,Geojit BNP Paribas Financial Services Limited,20,-
GEOMETRIC,EQ,Geometric Limited,20,-
GHCL,EQ,GHCL Limited,20,-
GICHSGFIN,EQ,GIC Housing Finance Limited,20,-
GILLANDERS,EQ,Gillanders Arbuthnot & Company Limited,20,-
GILLETTE,EQ,Gillette India Limited,20,-
GIPCL,EQ,Gujarat Industries Power Company Limited,20,-
GITANJALI,EQ,Gitanjali Gems Limited,20,-
GLENMARK,EQ,Glenmark Pharmaceuticals Limited,20,-
GLOBOFFS,EQ,Global Offshore Services Limited,20,-
GLOBUSSPR,EQ,Globus Spirits Limited,20,-
GLORY,EQ,Glory Polyfilms Limited,20,-
GMBREW,EQ,GM Breweries Limited,20,-
GNFC,EQ,Gujarat Narmada Valley Fertilizer Company Limited,20,-
GOACARBON,EQ,Goa Carbon Limited,20,-
GODFRYPHLP,EQ,Godfrey Phillips India Limited,20,-
GODREJCP,EQ,Godrej Consumer Products Limited,20,-
GODREJPROP,EQ,Godrej Properties Limited,20,-
GOKEX,EQ,Gokaldas Exports Limited,20,-
GOKUL,EQ,Gokul Refoils and Solvent Limited,20,-
GOLDBEES,EQ,Goldman Sachs Gold Exchange Traded Scheme,20,-
GOLDIAM,EQ,Goldiam International Limited,20,-
GOLDINFRA,EQ,Goldstone Infratech Limited,20,-
GOLDSHARE,EQ,UTI Mutual Fund - UTI Gold Exchange Traded Fund,20,-
GOLDTECH,EQ,Goldstone Technologies Limited,20,-
GPIL,EQ,Godawari Power And Ispat limited,20,-
GPPL,EQ,Gujarat Pipavav Port Limited,20,-
GRANULES,EQ,Granules India Limited,20,-
GRAPHITE,EQ,Graphite India Limited,20,-
GRAVITA,EQ,Gravita India Limited,20,-
GREAVESCOT,EQ,Greaves Cotton Limited,20,-
GREENPLY,EQ,Greenply Industries Limited,20,-
GREENPOWER,EQ,Orient Green Power Company Limited,20,-
GRINDWELL,EQ,Grindwell Norton Limited,20,-
GRUH,EQ,Gruh Finance Limited,20,-
GSFC,EQ,Gujarat State Fertilizers & Chemicals Limited,20,-
GSKCONS,EQ,GlaxoSmithKline Consumer Healthcare Limited,20,-
GSLNOVA,EQ,GSL Nova Petrochemicals Limited,20,-
GTL,EQ,GTL Limited,20,-
GTLINFRA,EQ,GTL Infrastructure Limited,20,-
GTNIND,EQ,GTN Industries Limited,20,-
GTNTEX,EQ,GTN Textiles Limited,20,-
GTOFFSHORE,EQ,Great Offshore Limited,20,-
GUFICBIO,EQ,Gufic Biosciences Limited,20,-
GUJALKALI,EQ,Gujarat Alkalies and Chemicals Limited,20,-
GUJAPOLLO,EQ,Gujarat Apollo Industries Limited,20,-
GUJNRECOKE,EQ,Gujarat NRE Coke Limited,20,-
GUJNRECOKE,W1,Gujarat NRE Coke Limited,20,-
GUJNREDVR,EQ,Gujarat NRE Coke Limited,20,-
GUJRATGAS,EQ,Gujarat Gas Company Limited,20,-
GUJSIDHCEM,EQ,Gujarat Sidhee Cements Limited,20,-
GULFOILCOR,EQ,Gulf Oil Corporation Limited,20,-
HANUNG,EQ,Hanung Toys and Textiles Limited,20,-
HARRMALAYA,EQ,Harrisons Malayalam Limited,20,-
HATHWAY,EQ,Hathway Cable & Datacom Limited,20,-
HBLPOWER,EQ,HBL Power Systems Limited,20,-
HCIL,EQ,Himadri Chemicals and Industries Limited,20,-
HDFC,W1,Housing Development Finance Corporation Limited,20,-
HDFCMFGETF,EQ,HDFC Mutual Fund-HDFC Gold Exchange Traded Fund,20,-
HEG,EQ,HEG Limited,20,-
HEIDELBERG,EQ,HeidelbergCement India Limited,20,-
HELIOSMATH,EQ,Helios And Matheson Information Technology Limited,20,-
HERCULES,EQ,Hercules Hoists Limited,20,-
HERITGFOOD,EQ,Heritage Foods (India) Limited,20,-
HEXATRADEX,EQ,Hexa Tradex Limited,20,-
HFCL,EQ,Himachal Futuristic Communications Limited,20,-
HGS,EQ,Hinduja Global Solutions Limited,20,-
HIKAL,EQ,Hikal Limited,20,-
HINDCOMPOS,EQ,Hindustan Composites Limited,20,-
HINDCOPPER,EQ,Hindustan Copper Limited,20,-
HINDNATGLS,EQ,Hindusthan National Glass & Industries Limited,20,-
HINDUJAFO,EQ,Hinduja Foundries Limited,20,-
HINDUJAVEN,EQ,Hinduja Ventures Limited,20,-
HIRAFERRO,EQ,Hira Ferro Alloys Limited,20,-
HIRECT,EQ,Hind Rectifiers Limited,20,-
HITACHIHOM,EQ,Hitachi Home and Life Solutions (India) Limited,20,-
HITECHGEAR,EQ,Hi-Tech Gears Limited,20,-
HITECHPLAS,EQ,Hitech Plast Limited,20,-
HMT,EQ,HMT Limited,20,-
HMVL,EQ,Hindustan Media Ventures Limited,20,-
HNGSNGBEES,EQ,Goldman Sachs Hang Seng Exchange Traded Scheme,20,-
HONAUT,EQ,Honeywell Automation India Limited,20,-
HONDAPOWER,EQ,Honda Siel Power Products Limited,20,-
HORIZONINF,EQ,Horizon Infrastructure Limited,20,-
HOTELEELA,EQ,Hotel Leela Venture Limited,20,-
HOVS,EQ,HOV Services Limited,20,-
HSIL,EQ,HSIL Limited,20,-
HTMEDIA,EQ,HT Media Limited,20,-
HUBTOWN,EQ,Hubtown Limited,20,-
HYDRBADIND,EQ,Hyderabad Industries Limited,20,-
HYDROS&S,EQ,Hydro S & S Industries Limited,20,-
ICIL,EQ,Indo Count Industries Limited,20,-
ICRA,EQ,ICRA Limited,20,-
IDBIGOLD,EQ,IDBI Mutual Fund - IDBI Gold Exchange Traded Fund,20,-
IFBIND,EQ,IFB Industries Limited,20,-
IFGLREFRAC,EQ,IFGL Refractories Limited,20,-
IGPL,EQ,IG Petrochemicals Limited,20,-
IIFLNIFTY,EQ,IIFL Mutual Fund - IIFL NIFTY ETF,20,-
IL&FSENGG,EQ,IL&FS Engineering and Construction Company Limited,20,-
IL&FSTRANS,EQ,IL&FS Transportation Networks Limited,20,-
IMFA,EQ,Indian Metals & Ferro Alloys Limited,20,-
IMPAL,EQ,India Motor Parts and Accessories Limited,20,-
INDBANK,EQ,Indbank Merchant Banking Services Limited,20,-
INDIABULLS,EQ,Indiabulls Financial Services Limited,20,-
INDIABULLS,W1,Indiabulls Financial Services Limited,20,-
INDIAGLYCO,EQ,India Glycols Limited,20,-
INDIANHUME,EQ,Indian Hume Pipe Company Limited,20,-
INDLMETER,EQ,IMP Powers Limited,20,-
INDNIPPON,EQ,India Nippon Electricals Limited,20,-
INDOCO,EQ,Indoco Remedies Limited,20,-
INDORAMA,EQ,Indo Rama Synthetics (India) Limited,20,-
INDOTHAI,EQ,Indo Thai Securities Limited,20,-
INDRAMEDCO,EQ,Indraprastha Medical Corporation Limited,20,-
INDSWFTLAB,EQ,Ind-Swift Laboratories Limited,20,-
INDSWFTLTD,EQ,Ind-Swift Limited,20,-
INDUSFILA,EQ,Indus Fila Limited,20,-
INEABS,EQ,INEOS ABS (India) Limited,20,-
INFINITE,EQ,Infinite Computer Solutions (India) Limited,20,-
INFOMEDIA,EQ,Infomedia 18 Limited,20,-
INFOTECENT,EQ,Infotech Enterprises Limited,20,-
INFRABEES,EQ,Goldman Sachs Infrastructure Exchange Traded Scheme,20,-
INGERRAND,EQ,Ingersoll Rand (India) Limited,20,-
INGVYSYABK,EQ,ING Vysya Bank Limited,20,-
INNOIND,EQ,Innoventive Industries Limited,20,-
INOXLEISUR,EQ,INOX Leisure Limited,20,-
INSECTICID,EQ,Insecticides (India) Limited,20,-
IOLCP,EQ,IOL Chemicals and Pharmaceuticals Limited,20,-
IPCALAB,EQ,IPCA Laboratories Limited,20,-
IPGETF,EQ,ICICI Prudential Mutual Fund - ICICI Prudential Gold ETF,20,-
IPRINGLTD,EQ,IP Rings Limited,20,-
ISFT,EQ,Intrasoft Technologies Limited,20,-
ISMTLTD,EQ,ISMT Limited,20,-
ITDCEM,EQ,ITD Cementation India Limited,20,-
ITI,EQ,ITI Limited,20,-
IVC,EQ,IL&FS Investment Managers Limited,20,-
IVP,EQ,IVP Limited,20,-
J&KBANK,EQ,The Jammu & Kashmir Bank Limited,20,-
JAGRAN,EQ,Jagran Prakashan Limited,20,-
JAGSNPHARM,EQ,Jagsonpal Pharmaceuticals Limited,20,-
JAICORPLTD,EQ,Jai Corp Limited,20,-
JAIHINDPRO,EQ,Jaihind Projects Limited,20,-
JAYAGROGN,EQ,Jayant Agro Organics Limited,20,-
JAYNECOIND,EQ,Jayaswal Neco Industries Limited,20,-
JAYSREETEA,EQ,Jayshree Tea & Industries Limited,20,-
JBCHEPHARM,EQ,JB Chemicals & Pharmaceuticals Limited,20,-
JBFIND,EQ,JBF Industries Limited,20,-
JBMA,EQ,JBM Auto Limited,20,-
JENSONICOL,EQ,Jenson & Nicholson (India) Limited,20,-
JHS,EQ,JHS Svendgaard Laboratories Limited,20,-
JIKIND,EQ,JIK Industries Limited,20,-
JINDALPHOT,EQ,Jindal Photo Limited,20,-
JINDALPOLY,EQ,Jindal Poly Films Limited,20,-
JINDCOT,EQ,Jindal Cotex Limited,20,-
JINDRILL,EQ,Jindal Drilling And Industries Limited,20,-
JISLDVREQS,EQ,Jain Irrigation Systems Limited,20,-
JKCEMENT,EQ,JK Cement Limited,20,-
JKIL,EQ,J.Kumar Infraprojects Limited,20,-
JKLAKSHMI,EQ,JK Lakshmi Cement Limited,20,-
JKPAPER,EQ,JK Paper Limited,20,-
JKTYRE,EQ,JK Tyre & Industries Limited,20,-
JMCPROJECT,EQ,JMC Projects (India) Limited,20,-
JMFINANCIL,EQ,JM Financial Limited,20,-
JMTAUTOLTD,EQ,JMT Auto Limited,20,-
JOCIL,EQ,Jocil Limited,20,-
JPINFRATEC,EQ,Jaypee Infratech Limited,20,-
JSL,EQ,Jindal Stainless Limited,20,-
JUBILANT,EQ,Jubilant Life Sciences Limited,20,-
JUBLINDS,EQ,Jubilant Industries Limited,20,-
JUMBO,EQ,Jumbo Bag Limited,20,-
JUNIORBEES,EQ,Goldman Sachs Nifty Junior Exchange Traded Scheme,20,-
JUPITER,EQ,Jupiter Bioscience Limited,20,-
JVLAGRO,EQ,JVL Agro Industries Limited,20,-
JYOTHYLAB,EQ,Jyothy Laboratories Limited,20,-
JYOTISTRUC,EQ,Jyoti Structures Limited,20,-
JYOTISTRUC,W1,Jyoti Structures Limited,20,-
KABRAEXTRU,EQ,Kabra Extrusion Technik Limited,20,-
KAJARIACER,EQ,Kajaria Ceramics Limited,20,-
KALECONSUL,EQ,Kale Consultants Limited,20,-
KALINDEE,EQ,Kalindee Rail Nirman (Engineers) Limited,20,-
KALPATPOWR,EQ,Kalpataru Power Transmission Limited,20,-
KANORICHEM,EQ,Kanoria Chemicals & Industries Limited,20,-
KANSAINER,EQ,Kansai Nerolac Paints Limited,20,-
KARURVYSYA,EQ,Karur Vysya Bank Limited,20,-
KAUSHALYA,EQ,Kaushalya Infrastructure Development Corporation Limited,20,-
KAVVERITEL,EQ,Kavveri Telecom Products Limited,20,-
KBIL,EQ,Kirloskar Brothers Investments Limited,20,-
KCP,EQ,KCP Limited,20,-
KCPSUGIND,EQ,KCP Sugar and Industries Corporation Limited,20,-
KEC,EQ,KEC International Limited,20,-
KEI,EQ,KEI Industries Limited,20,-
KEMROCK,EQ,Kemrock Industries and Exports Limited,20,-
KESARENT,EQ,Kesar Enterprises Limited,20,-
KFA,EQ,Kingfisher Airlines Limited,20,-
KGL,EQ,Karuturi Global Limited,20,-
KHAITANELE,EQ,Khaitan Electricals Limited,20,-
KICL,EQ,Kalyani Investment Company Limited,20,-
KIL,EQ,Kamdhenu Ispat Limited,20,-
KINETICMOT,EQ,Kinetic Motor Company Limited,20,-
KIRLOSBROS,EQ,Kirloskar Brothers Limited,20,-
KIRLOSENG,EQ,Kirloskar Oil Engines Limited,20,-
KIRLOSIND,EQ,Kirloskar Industries Limited,20,-
KKCL,EQ,Kewal Kiran Clothing Limited,20,-
KLRF,EQ,KLRF Limited,20,-
KMSUGAR,EQ,K.M.Sugar Mills Limited,20,-
KNRCON,EQ,KNR Constructions Limited,20,-
KOHINOOR,EQ,Kohinoor Foods Limited,20,-
KOLTEPATIL,EQ,Kolte - Patil Developers Limited,20,-
KOPRAN,EQ,Kopran Limited,20,-
KOTAKGOLD,EQ,Kotak Mutual Fund - Gold Exchange Traded Fund,20,-
KOTAKNIFTY,EQ,Kotak Mahindra Mutual Fund-Kotak Nifty ETF,20,-
KOTAKPSUBK,EQ,Kotak Mahindra Mutual Fund,20,-
KOTARISUG,EQ,Kothari Sugars And Chemicals Limited,20,-
KOTHARIPET,EQ,Kothari Petrochemicals Limited,20,-
KOTHARIPRO,EQ,Kothari Products Limited,20,-
KPIT,EQ,KPIT Cummins Infosystems Limited,20,-
KPRMILL,EQ,K.P.R. Mill Limited,20,-
KRBL,EQ,KRBL Limited,20,-
KRITIIND,EQ,Kriti Industries (India) Limited,20,-
KSBPUMPS,EQ,KSB Pumps Limited,20,-
KSCL,EQ,Kaveri Seed Company Limited,20,-
KSE,EQ,KSE Limited,20,-
KSL,EQ,Kalyani Steels Limited,20,-
KSOILS,EQ,K S Oils Limited,20,-
KWALITY,EQ,Kwality Dairy (India) Limited,20,-
L&TFH,EQ,L&T Finance Holdings Limited,20,-
LAKPRE,EQ,Lakshmi Precision Screws Limited,20,-
LAKSHMIEFL,EQ,Lakshmi Energy and Foods Limited,20,-
LAKSHMIMIL,EQ,The Lakshmi Mills Company Limited,20,-
LAKSHVILAS,EQ,Lakshmi Vilas Bank Limited,20,-
LANCOIN,EQ,Lanco Industries Limited,20,-
LAOPALA,EQ,La Opala RG Limited,20,-
LAXMIMACH,EQ,Lakshmi Machine Works Limited,20,-
LCCINFOTEC,EQ,LCC Infotech Limited,20,-
LGBBROSLTD,EQ,LG Balakrishnan & Bros Limited,20,-
LGBFORGE,EQ,LGB Forge Limited,20,-
LIBERTSHOE,EQ,Liberty Shoes Limited,20,-
LLOYDELENG,EQ,Lloyd Electric & Engineering Limited,20,-
LLOYDFIN,EQ,Lloyds Finance Limited,20,-
LLOYDSTEEL,EQ,Lloyds Steel Industries Limited,20,-
LML,EQ,LML Limited,20,-
LOKESHMACH,EQ,Lokesh Machines Limited,20,-
LOTUSEYE,EQ,Lotus Eye Care Hospital Limited,20,-
LOVABLE,EQ,Lovable Lingerie Limited,20,-
LUMAXAUTO,EQ,Lumax Automotive Systems Limited,20,-
LUMAXIND,EQ,Lumax Industries Limited,20,-
LUMAXTECH,EQ,Lumax Auto Technologies Limited,20,-
M&MFIN,EQ,Mahindra & Mahindra Financial Services Limited,20,-
M100,EQ,Motilal Oswal Mutual Fund - Motilal Oswal MOSt Shares M100 ETF GO,20,-
M50,EQ,Motilal Oswal Mutual Fund - Motilal Oswal MOSt Shares M50 ETF,20,-
MADHAV,EQ,Madhav Marbles and Granites Limited,20,-
MADHUCON,EQ,Madhucon Projects Limited,20,-
MADRASCEM,EQ,Madras Cements Limited,20,-
MADRASFERT,EQ,Madras Fertilizers Limited,20,-
MAGMA,EQ,Magma Fincorp Limited,20,-
MAHABANK,EQ,Bank of Maharashtra,20,-
MAHINDFORG,EQ,Mahindra Forgings Limited,20,-
MAHINDUGIN,EQ,Mahindra Ugine Steel Company Limited,20,-
MAHLIFE,EQ,Mahindra Lifespace Developers Limited,20,-
MAHSCOOTER,EQ,Maharashtra Scooters Limited,20,-
MAHSEAMLES,EQ,Maharashtra Seamless Limited,20,-
MAITHANALL,EQ,Maithan Alloys Limited,20,-
MALWACOTT,EQ,Malwa Cotton Spg. Mills Limited,20,-
MANAKSIA,EQ,Manaksia Limited,20,-
MANALIPETC,EQ,Manali Petrochemicals Limited,20,-
MANDHANA,EQ,Mandhana Industries Limited,20,-
MANGALAM,EQ,Mangalam Drugs And Organics Limited,20,-
MANGCHEFER,EQ,Mangalore Chemicals & Fertilizers Limited,20,-
MANINDS,EQ,Man Industries (India) Limited,20,-
MANINFRA,EQ,Man Infraconstruction Limited,20,-
MANJEERA,EQ,Manjeera Constructions Limited,20,-
MANJUSHREE,EQ,Manjushree Technopack Limited,20,-
MANUGRAPH,EQ,Manugraph India Limited,20,-
MARG,EQ,Marg Limited,20,-
MARICO,EQ,Marico Limited,20,-
MARKSANS,EQ,Marksans Pharma Limited,20,-
MASTEK,EQ,Mastek Limited,20,-
MAWANASUG,EQ,Mawana Sugars Limited,20,-
MAXWELL,EQ,Maxwell Industries Limited,20,-
MBECL,EQ,Mcnally Bharat Engineering Company Limited,20,-
MBLINFRA,EQ,MBL Infrastructures Limited,20,-
MCX,EQ,Multi Commodity Exchange of India Limited,20,-
MEGASOFT,EQ,Megasoft Limited,20,-
MEGH,EQ,Meghmani Organics Limited,20,-
MERCATOR,EQ,Mercator Limited,20,-
MERCK,EQ,Merck Limited,20,-
METKORE,EQ,Metkore Alloys & Industries Limited,20,-
MGOLD,EQ,Motilal Oswal Mutual Fund - Motilal Oswal MOSt Shares Gold ETF (MOSt Gold Shares) - Growth Option,20,-
MHRIL,EQ,Mahindra Holidays & Resorts India Limited,20,-
MICROSEC,EQ,Microsec Financial Services Limited,20,-
MICROTECH,EQ,Micro Technologies (India) Limited,20,-
MINDACORP,EQ,Minda Corporation Limited,20,-
MINDAIND,EQ,Minda Industries Limited,20,-
MIRCELECTR,EQ,MIRC Electronics Limited,20,-
MIRZAINT,EQ,Mirza International Limited,20,-
MMFL,EQ,MM Forgings Limited,20,-
MMFSL,EQ,Money Matters Financial Services Limited,20,-
MOIL,EQ,MOIL Limited,20,-
MONNETISPA,EQ,Monnet Ispat Limited,20,-
MONSANTO,EQ,Monsanto India Limited,20,-
MORARJETEX,EQ,Morarjee Textiles Limited,20,-
MOTHERSUMI,EQ,Motherson Sumi Systems Limited,20,-
MOTILALOFS,EQ,Motilal Oswal Financial Services Limited,20,-
MOTOGENFIN,EQ,The Motor & General Finance Limited,20,-
MPSLTD,EQ,MPS Limited,20,-
MRO-TEK,EQ,MRO-TEK Limited,20,-
MSPL,EQ,MSP Steel & Power Limited,20,-
MTEDUCARE,EQ,MT Educare Limited,20,-
MUKANDENGG,EQ,Mukand Engineers Limited,20,-
MUKANDLTD,EQ,Mukand Limited,20,-
MUKTAARTS,EQ,Mukta Arts Limited,20,-
MUNJALSHOW,EQ,Munjal Showa Limited,20,-
MURUDCERA,EQ,Murudeshwar Ceramics Limited,20,-
MUTHOOTFIN,EQ,Muthoot Finance Limited,20,-
MVLIND,EQ,MVL Industries Limited,20,-
MYSOREBANK,EQ,State Bank of Mysore,20,-
N100,EQ,Motilal Oswal Mutual Fund-Motilal Oswal MOSt Shares NASDAQ 100 ETF -GO,20,-
NAHARCAP,EQ,Nahar Capital and Financial Services Limited,20,-
NAHARINDUS,EQ,Nahar Industrial Enterprises Limited,20,-
NAHARPOLY,EQ,Nahar Poly Films Limited,20,-
NAHARSPING,EQ,Nahar Spinning Mills Limited,20,-
NANDANEXIM,EQ,Nandan Exim Limited,20,-
NATCOPHARM,EQ,Natco Pharma Limited,20,-
NATHSEED,EQ,Nath Seeds Limited,20,-
NATIONALUM,EQ,National Aluminium Company Limited,20,CNX PSE Index
NATNLSTEEL,EQ,National Steel And Agro Industries Limited,20,-
NAVINFLUOR,EQ,Navin Fluorine International Limited,20,-
NAVNETPUBL,EQ,Navneet Publications India Limited,20,-
NBCC,EQ,National Buildings Construction Corporation Limited,20,-
NBVENTURES,EQ,Nava Bharat Ventures Limited,20,-
NCOPPER,EQ,Nissan Copper Limited,20,-
NECLIFE,EQ,Nectar Lifesciences Limited,20,-
NELCAST,EQ,Nelcast Limited,20,-
NEPCMICON,EQ,NEPC India Limited,20,-
NESCO,EQ,Nesco Limited,20,-
NESTLEIND,EQ,Nestle India Limited,20,-
NET4,EQ,Net 4 India Limited,20,-
NETWORK18,EQ,Network18 Media & Investments Limited,20,-
NEXTMEDIA,EQ,Next Mediaworks Limited,20,-
NEYVELILIG,EQ,Neyveli Lignite Corporation Limited,20,-
NFL,EQ,National Fertilizers Limited,20,-
NIFTYBEES,EQ,Goldman Sachs Nifty Exchange Traded Scheme,20,-
NIITLTD,EQ,NIIT Limited,20,-
NIITTECH,EQ,NIIT Technologies Limited,20,-
NILKAMAL,EQ,Nilkamal Limited,20,-
NIPPOBATRY,EQ,Nippo Batteries Company Limited,20,-
NITCO,EQ,Nitco Limited,20,-
NITESHEST,EQ,Nitesh Estates Limited,20,-
NITINFIRE,EQ,Nitin Fire Protection Industries Limited,20,-
NITINSPIN,EQ,Nitin Spinners Limited,20,-
NOCIL,EQ,NOCIL Limited,20,-
NOIDATOLL,EQ,Noida Toll Bridge Company Limited,20,-
NORBTEAEXP,EQ,Norben Tea & Exports Limited,20,-
NORTHGATE,EQ,Northgate Technologies Limited,20,-
NRBBEARING,EQ,NRB Bearing Limited,20,-
NUCLEUS,EQ,Nucleus Software Exports Limited,20,-
OBEROIRLTY,EQ,Oberoi Realty Limited,20,-
OCL,EQ,OCL India Limited,20,-
OILCOUNTUB,EQ,Oil Country Tubular Limited,20,-
OISL,EQ,OCL Iron and Steel Limited,20,-
OMAXAUTO,EQ,Omax Autos Limited,20,-
OMAXE,EQ,Omaxe Limited,20,-
OMKARCHEM,EQ,Omkar Speciality Chemicals Limited,20,-
OMMETALS,EQ,OM Metals Infraprojects Limited,20,-
OMNITECH,EQ,Omnitech Infosolutions Limited,20,-
ONELIFECAP,EQ,Onelife Capital Advisors Limited,20,-
ONWARDTEC,EQ,Onward Technologies Limited,20,-
ORBITCORP,EQ,Orbit Corporation Limited,20,-
ORIENTABRA,EQ,Orient Abrasives Limited,20,-
ORIENTALTL,EQ,Oriental Trimex Limited,20,-
ORIENTBELL,EQ,Orient Bell Limited,20,-
ORIENTHOT,EQ,Oriental Hotels Limited,20,-
ORIENTLTD,EQ,Orient Press Limited,20,-
ORIENTPPR,EQ,Orient Paper & Industries Limited,20,-
ORISSAMINE,EQ,The Orissa Minerals Development Company Limited,20,-
OUDHSUG,EQ,The Oudh Sugar Mills Limited,20,-
PAEL,EQ,PAE Limited,20,-
PAGEIND,EQ,Page Industries Limited,20,-
PANACEABIO,EQ,Panacea Biotec Limited,20,-
PANAMAPET,EQ,Panama Petrochem Limited,20,-
PANORAMUNI,EQ,Panoramic Universal Limited,20,-
PAPERPROD,EQ,The Paper Products Limited,20,-
PARABDRUGS,EQ,Parabolic Drugs Limited,20,-
PARACABLES,EQ,Paramount Communications Limited,20,-
PARASPETRO,EQ,Paras Petrofils Limited,20,-
PARSVNATH,EQ,Parsvnath Developers Limited,20,-
PATINTLOG,EQ,Patel Integrated Logistics Limited,20,-
PATSPINLTD,EQ,Patspin India Limited,20,-
PDUMJEPULP,EQ,Pudumjee Pulp & Paper Mills Limited,20,-
PENIND,EQ,Pennar Industries Limited,20,-
PENINLAND,EQ,Peninsula Land Limited,20,-
PERSISTENT,EQ,Persistent Systems Limited,20,-
PETRONENGG,EQ,Petron Engineering Construction Limited,20,-
PFIZER,EQ,Pfizer Limited,20,-
PFOCUS,EQ,Prime Focus Limited,20,-
PFS,EQ,PTC India Financial Services Limited,20,-
PGHH,EQ,Procter & Gamble Hygiene and Health Care Limited,20,-
PHILIPCARB,EQ,Phillips Carbon Black Limited,20,-
PHOENIXLTD,EQ,The Phoenix Mills Limited,20,-
PIDILITIND,EQ,Pidilite Industries Limited,20,-
PIIND,EQ,PI Industries Limited,20,-
PIONDIST,EQ,Pioneer Distilleries Limited,20,-
PIONEEREMB,EQ,Pioneer Embroideries Limited,20,-
PIPAVAVDOC,EQ,Pipavav Defence and Offshore Engineering Company Limited,20,-
PIRGLASS,EQ,Piramal Glass Limited,20,-
PITTILAM,EQ,Pitti Laminations Limited,20,-
PLASTIBLEN,EQ,Plastiblends India Limited,20,-
PLETHICO,EQ,Plethico Pharmaceuticals Limited,20,-
PNBGILTS,EQ,PNB Gilts Limited,20,-
POCHIRAJU,EQ,Pochiraju Industries Limited,20,-
POLYMED,EQ,Poly Medicure Limited,20,-
POLYPLEX,EQ,Polyplex Corporation Limited,20,-
PONDYOXIDE,EQ,Pondy Oxides & Chemicals Limited,20,-
PONNIERODE,EQ,Ponni Sugars (Erode) Limited,20,-
PPAP,EQ,Precision Pipes And Profiles Company Limited,20,-
PRADIP,EQ,Pradip Overseas Limited,20,-
PRAKASHSTL,EQ,Prakash Steelage Limited,20,-
PRATIBHA,EQ,Pratibha Industries Limited,20,-
PRECOT,EQ,Precot Meridian Limited,20,-
PRECWIRE,EQ,Precision Wires India Limited,20,-
PREMIER,EQ,Premier Limited,20,-
PRESTIGE,EQ,Prestige Estates Projects Limited,20,-
PRETAILDVR,EQ,Pantaloon Retail (India) Limited,20,-
PRISMCEM,EQ,Prism Cement Limited,20,-
PROVOGE,EQ,Provogue (India) Limited,20,-
PSB,EQ,Punjab & Sind Bank,20,-
PSL,EQ,PSL Limited,20,-
PSUBNKBEES,EQ,Goldman Sachs PSU Bank Exchange Traded Scheme,20,-
PTL,EQ,PTL Enterprises Limited,20,-
PURVA,EQ,Puravankara Projects Limited,20,-
PVP,EQ,PVP Ventures Limited,20,-
PVR,EQ,PVR Limited,20,-
QGOLDHALF,EQ,Quantum Gold Fund -Exchange Traded Fund (ETF),20,-
QNIFTY,EQ,Quantum Index Fund -Exchange Traded Fund (ETF),20,-
RADAAN,EQ,Radaan Mediaworks India Limited,20,-
RADICO,EQ,Radico Khaitan Limited,20,-
RAINBOWPAP,EQ,Rainbow Papers Limited,20,-
RAINCOM,EQ,Rain Commodities Limited,20,-
RAJESHEXPO,EQ,Rajesh Exports Limited,20,-
RAJOIL,EQ,Raj Oil Mills Limited,20,-
RAJPALAYAM,EQ,Rajapalayam Mills Limited,20,-
RAJRAYON,EQ,Raj Rayon Industries Limited,20,-
RAJSREESUG,EQ,Rajshree Sugars & Chemicals Limited,20,-
RAJTV,EQ,Raj Television Network Limited,20,-
RAJVIR,EQ,Rajvir Industries Limited,20,-
RALLIS,EQ,Rallis India Limited,20,-
RAMCOIND,EQ,Ramco Industries Limited,20,-
RAMKY,EQ,Ramky Infrastructure Limited,20,-
RANEENGINE,EQ,Rane Engine Valve Limited,20,-
RANEHOLDIN,EQ,Rane Holdings Limited,20,-
RATNAMANI,EQ,Ratnamani Metals & Tubes Limited,20,-
RBL,EQ,Rane Brake Lining Limited,20,-
RBN,EQ,Reliance Broadcast Network Limited,20,-
RCF,EQ,Rashtriya Chemicals and Fertilizers Limited,20,-
REDINGTON,EQ,Redington (India) Limited,20,-
REIAGROLTD,EQ,Rei Agro Limited,20,-
REISIXTEN,EQ,REI Six Ten Retail Limited,20,-
RELAXO,EQ,Relaxo Footwears Limited,20,-
RELBANK,EQ,Reliance Mutual Fund -Banking Exchange Traded Fund (ETF),20,-
RELGOLD,EQ,Reliance Mutual Fund - Gold Exchange Traded Fund,20,-
RELGRNIFTY,EQ,Religare Mutual Fund - Religare Nifty Exchange Traded Fund,20,-
RELIGARE,EQ,Religare Enterprises Limited,20,-
RELIGAREGO,EQ,Religare Mutual Fund - Religare Gold Exchange Traded Fund,20,-
REPRO,EQ,Repro India Limited,20,-
RESPONIND,EQ,Responsive Industries Limited,20,-
REVATHI,EQ,Revathi Equipment Limited,20,-
RICOAUTO,EQ,Rico Auto Industries Limited,20,-
RIIL,EQ,Reliance Industrial Infrastructure Limited,20,-
RJL,EQ,Renaissance Jewellery Limited,20,-
RKFORGE,EQ,Ramkrishna Forgings Limited,20,-
RMCL,EQ,Radha Madhav Corporation Limited,20,-
RML,EQ,Rane (Madras) Limited,20,-
ROHITFERRO,EQ,Rohit Ferro-Tech Limited,20,-
ROHLTD,EQ,Royal Orchid Hotels Limited,20,-
RPGLIFE,EQ,RPG Life Sciences Limited,20,-
RPPINFRA,EQ,R.P.P. Infra Projects Limited,20,-
RSSOFTWARE,EQ,R. S. Software (India) Limited,20,-
RSWM,EQ,RSWM Limited,20,-
RUBYMILLS,EQ,The Ruby Mills Limited,20,-
RUCHIRA,EQ,Ruchira Papers Limited,20,-
RUPA,EQ,Rupa & Company Limited,20,-
RUSHIL,EQ,Rushil Decor Limited,20,-
SABTN,EQ,Sri Adhikari Brothers Television Network Limited,20,-
SADBHAV,EQ,Sadbhav Engineering Limited,20,-
SAGCEM,EQ,Sagar Cements Limited,20,-
SAHPETRO,EQ,Sah Petroleums Limited,20,-
SAKSOFT,EQ,Saksoft Limited,20,-
SAKUMA,EQ,Sakuma Exports Limited,20,-
SALORAINTL,EQ,Salora International Limited,20,-
SAMBANDAM,EQ,Sambandam Spinning Mills Limited,20,-
SANDESH,EQ,The Sandesh Limited,20,-
SANGAMIND,EQ,Sangam (India) Limited,20,-
SANGHVIFOR,EQ,Sanghvi Forging and Engineering Limited,20,-
SANGHVIMOV,EQ,Sanghvi Movers Limited,20,-
SARDAEN,EQ,Sarda Energy & Minerals Limited,20,-
SAREGAMA,EQ,Saregama India Limited,20,-
SARLAPOLY,EQ,Sarla Performance Fibers Limited,20,-
SASKEN,EQ,Sasken Communication Technologies Limited,20,-
SATHAISPAT,EQ,Sathavahana Ispat Limited,20,-
SATYAMCOMP,EQ,Satyam Computer Services Limited,20,-
SAVERA,EQ,Savera Industries Limited,20,-
SB&TINTL,EQ,SB&T International Limited,20,-
SBBJ,EQ,State Bank of Bikaner and Jaipur,20,-
SBIGETS,EQ,SBI Mutual Fund - SBI Gold Exchange Traded Scheme - Growth Option,20,-
SBT,EQ,State Bank of Travancore,20,-
SCHNEIDER,EQ,Schneider Electric Infrastructure Limited,20,-
SEAMECLTD,EQ,Seamec Limited,20,-
SEINV,EQ,S.E. Investments Limited,20,-
SELAN,EQ,Selan Exploration Technology Limited,20,-
SELMCL,EQ,SEL Manufacturing Company Limited,20,-
SESHAPAPER,EQ,Seshasayee Paper and Boards Limited,20,-
SGJHL,EQ,Shree Ganesh Jewellery House Limited,20,-
SHAKTIPUMP,EQ,Shakti Pumps (India) Limited,20,-
SHANTIGEAR,EQ,Shanthi Gears Limited,20,-
SHARIABEES,EQ,Goldman Sachs S&P CNX Nifty Shariah Index Exchange Traded Scheme,20,-
SHARONBIO,EQ,Sharon Bio-Medicine Limited,20,-
SHARRESLTD,EQ,Sharyans Resources Limited,20,-
SHILPAMED,EQ,Shilpa Medicare Limited,20,-
SHILPI,EQ,Shilpi Cable Technologies Limited,20,-
SHIVTEX,EQ,Shiva Texyarn Limited,20,-
SHIV-VANI,EQ,Shiv-Vani Oil & Gas Exploration Services Limited,20,-
SHLAKSHMI,EQ,Shri Lakshmi Cotsyn Limited,20,-
SHOPERSTOP,EQ,Shoppers Stop Limited,20,-
SHREEASHTA,EQ,Shree Ashtavinayak Cine Vision Limited,20,-
SHREECEM,EQ,Shree Cements Limited,20,-
SHREERAMA,EQ,Shree Rama Multi-Tech Limited,20,-
SHRENUJ,EQ,Shrenuj & Company Limited,20,-
SHRIRAMCIT,EQ,Shriram City Union Finance Limited,20,-
SHRIRAMEPC,EQ,Shriram EPC Limited,20,-
SHYAMTEL,EQ,Shyam Telecom Limited,20,-
SICAGEN,EQ,Sicagen India Limited,20,-
SICAL,EQ,Sical Logistics Limited,20,-
SILINV,EQ,SIL Investments Limited,20,-
SIMBHSUGAR,EQ,Simbhaoli Sugars Limited,20,-
SIMPLEX,EQ,Simplex Projects Limited,20,-
SIMPLEXINF,EQ,Simplex Infrastructures Limited,20,-
SIRPAPER,EQ,The Sirpur Paper Mills Limited,20,-
SITASHREE,EQ,Sita Shree Food Products Limited,20,-
SIYSIL,EQ,Siyaram Silk Mills Limited,20,-
SJVN,EQ,SJVN Limited,20,-
SKFINDIA,EQ,SKF India Limited,20,-
SKMEGGPROD,EQ,SKM Egg Products Export (India) Limited,20,-
SMLISUZU,EQ,SML Isuzu Limited,20,-
SMOBILITY,EQ,S Mobility Limited,20,-
SMSPHARMA,EQ,SMS Pharmaceuticals Limited,20,-
SOFTTECHGR,EQ,Software Technology Group International Limited,20,-
SOLARINDS,EQ,Solar Industries India Limited,20,-
SOMANYCERA,EQ,Somany Ceramics Limited,20,-
SONASTEER,EQ,Sona Koyo Steering Systems Limited,20,-
SONATSOFTW,EQ,Sonata Software Limited,20,-
SOTL,EQ,Savita Oil Technologies Limited,20,-
SPANCO,EQ,Spanco Limited,20,-
SPARC,EQ,Sun Pharma Advanced Research Company Limited,20,-
SPENTEX,EQ,Spentex Industries Limited,20,-
SRF,EQ,SRF Limited,20,-
SRGINFOTEC,EQ,SRG Infotec (India) Limited,20,-
SRHHLINDST,EQ,SRHHL Industries Limited,20,-
SRSLTD,EQ,SRS Limited,20,-
SSWL,EQ,Steel Strips Wheels Limited,20,-
STAN,DR,Standard Chartered PLC,20,-
STAR,EQ,Strides Arcolab Limited,20,-
STARPAPER,EQ,Star Paper Mills Limited,20,-
STERTOOLS,EQ,Sterling Tools Limited,20,-
SUDAR,EQ,Sudar Garments Limited,20,-
SUDARSCHEM,EQ,Sudarshan Chemical Industries Limited,20,-
SUJANAUNI,EQ,Sujana Universal Industries Limited,20,-
SUMEETINDS,EQ,Sumeet Industries Limited,20,-
SUMMITSEC,EQ,Summit Securities Limited,20,-
SUNCLAYTON,EQ,Sundaram Clayton Limited,20,-
SUNDARAM,EQ,Sundaram Multi Pap Limited,20,-
SUNDARMFIN,EQ,Sundaram Finance Limited,20,-
SUNDRMBRAK,EQ,Sundaram Brake Linings Limited,20,-
SUNDRMFAST,EQ,Sundram Fasteners Limited,20,-
SUNFLAG,EQ,Sunflag Iron And Steel Company Limited,20,-
SUNILHITEC,EQ,Sunil Hitech Engineers Limited,20,-
SUNTECK,EQ,Sunteck Realty Limited,20,-
SUPER,EQ,Super Sales India Limited,20,-
SUPERSPIN,EQ,Super Spinning Mills Limited,20,-
SUPPETRO,EQ,Supreme Petrochem Limited,20,-
SUPRAJIT,EQ,Suprajit Engineering Limited,20,-
SUPREMEIND,EQ,Supreme Industries Limited,20,-
SUPREMEINF,EQ,Supreme Infrastructure India Limited,20,-
SURAJDIAMN,EQ,Su-Raj Diamonds and Jewellery Limited,20,-
SURANACORP,EQ,Surana Corporation Limited,20,-
SURANAT&P,EQ,Surana Telecom and Power Limited,20,-
SURANAVEL,EQ,Surana Ventures Limited,20,-
SURYALAXMI,EQ,Suryalakshmi Cotton Mills Limited,20,-
SURYAROSNI,EQ,Surya Roshni Limited,20,-
SUTLEJTEX,EQ,Sutlej Textiles and Industries Limited,20,-
SUVEN,EQ,Suven Life Sciences Limited,20,-
SWARAJENG,EQ,Swaraj Engines Limited,20,-
SYMPHONY,EQ,Symphony Limited,20,-
SYNCOM,EQ,Syncom Healthcare Limited,20,-
TAJGVK,EQ,Taj GVK Hotels & Resorts Limited,20,-
TAKE,EQ,Take Solutions Limited,20,-
TALBROAUTO,EQ,Talbros Automotive Components Limited,20,-
TALWALKARS,EQ,Talwalkars Better Value Fitness Limited,20,-
TANFACIND,EQ,Tanfac Industries Limited,20,-
TANTIACONS,EQ,Tantia Constructions Limited,20,-
TARAPUR,EQ,Tarapur Transformers Limited,20,-
TATAELXSI,EQ,Tata Elxsi Limited,20,-
TATAINVEST,EQ,Tata Investment Corporation Limited,20,-
TATASPONGE,EQ,Tata Sponge Iron Limited,20,-
TCI,EQ,Transport Corporation of India Limited,20,-
TCIDEVELOP,EQ,TCI Developers Limited,20,-
TDPOWERSYS,EQ,TD Power Systems Limited,20,-
TECHNO,EQ,Techno Electric & Engineering Company Limited,20,-
TECHNOFAB,EQ,Technofab Engineering Limited,20,-
TECPRO,EQ,Tecpro Systems Limited,20,-
TEXINFRA,EQ,Texmaco Infrastructure & Holdings Limited,20,-
TEXMOPIPES,EQ,Texmo Pipes and Products Limited,20,-
TEXRAIL,EQ,Texmaco Rail & Engineering Limited,20,-
TFCILTD,EQ,Tourism Finance Corporation of India Limited,20,-
THANGAMAYL,EQ,Thangamayil Jewellery Limited,20,-
THEMISMED,EQ,Themis Medicare Limited,20,-
THERMAX,EQ,Thermax Limited,20,-
THINKSOFT,EQ,Thinksoft Global Services Limited,20,-
THIRUSUGAR,EQ,Thiru Arooran Sugars Limited,20,-
THOMASCOOK,EQ,Thomas Cook (India) Limited,20,-
THOMASCOTT,EQ,Thomas Scott (India) Limited,20,-
TI,EQ,Tilaknagar Industries Limited,20,-
TIDEWATER,EQ,Tide Water Oil Company (India) Limited,20,-
TIIL,EQ,Technocraft Industries (India) Limited,20,-
TIL,EQ,TIL Limited,20,-
TIMETECHNO,EQ,Time Technoplast Limited,20,-
TIMKEN,EQ,Timken India Limited,20,-
TINPLATE,EQ,The Tinplate Company of India Limited,20,-
TIPSINDLTD,EQ,TIPS Industries Limited,20,-
TIRUMALCHM,EQ,Thirumalai Chemicals Limited,20,-
TNPETRO,EQ,Tamilnadu PetroProducts Limited,20,-
TNPL,EQ,Tamil Nadu Newsprint & Papers Limited,20,-
TODAYS,EQ,Todays Writing Instruments Limited,20,-
TORNTPHARM,EQ,Torrent Pharmaceuticals Limited,20,-
TORNTPOWER,EQ,Torrent Power Limited,20,-
TREEHOUSE,EQ,Tree House Education & Accessories Limited,20,-
TRENT,EQ,Trent Limited,20,-
TRF,EQ,TRF Limited,20,-
TRICOM,EQ,Tricom India Limited,20,-
TRIDENT,EQ,Trident Limited,20,-
TRIGYN,EQ,Trigyn Technologies Limited,20,-
TRIL,EQ,Transformers And Rectifiers (India) Limited,20,-
TRITURBINE,EQ,Triveni Turbine Limited,20,-
TRIVENI,EQ,Triveni Engineering & Industries Limited,20,-
TTKHEALTH,EQ,TTK Healthcare Limited,20,-
TTL,EQ,T T Limited,20,-
TUBEINVEST,EQ,Tube Investments of India Limited,20,-
TULSI,EQ,Tulsi Extrusions Limited,20,-
TULSYAN,EQ,Tulsyan Nec Limited,20,-
TV18BRDCST,EQ,TV18 Broadcast Limited,20,-
TVSELECT,EQ,TVS Electronics Limited,20,-
TVSSRICHAK,EQ,TVS Srichakra Limited,20,-
TVTODAY,EQ,TV Today Network Limited,20,-
TWL,EQ,Titagarh Wagons Limited,20,-
UBENGG,EQ,UB Engineering Limited,20,-
UBL,EQ,United Breweries Limited,20,-
UCALFUEL,EQ,Ucal Fuel Systems Limited,20,-
UFLEX,EQ,UFLEX Limited,20,-
UGARSUGAR,EQ,The Ugar Sugar Works Limited,20,-
UNICHEMLAB,EQ,Unichem Laboratories Limited,20,-
UNIENTER,EQ,Uniphos Enterprises Limited,20,-
UNITEDBNK,EQ,United Bank of India,20,-
UPERGANGES,EQ,Upper Ganges Sugar & Industries Limited,20,-
USHAMART,EQ,Usha Martin Limited,20,-
UTTAMSTL,EQ,Uttam Galva Steels Limited,20,-
VADILALIND,EQ,Vadilal Industries Limited,20,-
VAIBHAVGEM,EQ,Vaibhav Gems Limited,20,-
VAKRANSOFT,EQ,Vakrangee Softwares Limited,20,-
VALECHAENG,EQ,Valecha Engineering Limited,20,-
VALUEIND,EQ,Value Industries Limited,20,-
VARDHACRLC,EQ,Vardhman Acrylics Limited,20,-
VARDMNPOLY,EQ,Vardhman Polytex Limited,20,-
VARUNSHIP,EQ,Varun Shipping Company Limited,20,-
VASCONEQ,EQ,Vascon Engineers Limited,20,-
VENKEYS,EQ,Venky\'s (India) Limited,20,-
VENUSREM,EQ,Venus Remedies Limited,20,-
VESUVIUS,EQ,Vesuvius India Limited,20,-
VGUARD,EQ,V-Guard Industries Limited,20,-
VHL,EQ,Vardhman Holdings Limited,20,-
VIMTALABS,EQ,Vimta Labs Limited,20,-
VINATIORGA,EQ,Vinati Organics Limited,20,-
VINDHYATEL,EQ,Vindhya Telelinks Limited,20,-
VINYLINDIA,EQ,Vinyl Chemicals (India) Limited,20,-
VIPUL,EQ,Vipul Limited,20,-
VISAKAIND,EQ,Visaka Industries Limited,20,-
VISASTEEL,EQ,Visa Steel Limited,20,-
VISUINTL,EQ,Visu International Limited,20,-
VIVIMEDLAB,EQ,Vivimed Labs Limited,20,-
VOLTAMP,EQ,Voltamp Transformers Limited,20,-
VSTIND,EQ,VST Industries Limited,20,-
VSTTILLERS,EQ,V.S.T Tillers Tractors Limited,20,-
VTL,EQ,Vardhman Textiles Limited,20,-
VTXIND,EQ,VTX Industries Limited,20,-
WABAG,EQ,VA Tech Wabag Limited,20,-
WABCOINDIA,EQ,WABCO India Limited,20,-
WALCHANNAG,EQ,Walchandnagar Industries Limited,20,-
WENDT,EQ,Wendt (India) Limited,20,-
WHIRLPOOL,EQ,Whirlpool of India Limited,20,-
WILLAMAGOR,EQ,Williamson Magor & Company Limited,20,-
WINDMACHIN,EQ,Windsor Machines Limited,20,-
WOCKPHARMA,EQ,Wockhardt Limited,20,-
WSTCSTPAPR,EQ,West Coast Paper Mills Limited,20,-
WYETH,EQ,Wyeth Limited,20,-
XPROINDIA,EQ,Xpro India Limited,20,-
ZANDUREALT,EQ,Zandu Realty Limited,20,-
ZEENEWS,EQ,Zee News Limited,20,-
ZENITHBIR,EQ,Zenith Birla (India) Limited,20,-
ZENITHCOMP,EQ,Zenith Computers Limited,20,-
ZENITHINFO,EQ,Zenith Infotech Limited,20,-
ZENSARTECH,EQ,Zensar Technologies Limited,20,-
ZICOM,EQ,Zicom Electronic Security Systems Limited,20,-
ZODIACLOTH,EQ,Zodiac Clothing Company Limited,20,-
ZUARIAGRO,EQ,Zuari Industries Limited,20,-
ZYDUSWELL,EQ,Zydus Wellness Limited,20,-
ZYLOG,EQ,Zylog Systems Limited,20,-
ABAN,EQ,Aban Offshore Limited,No Band,Derivative Product
ABB,EQ,ABB Limited,No Band,Derivative Product/CNX Infrastructure Index/Nifty MIDCAP 50
ABGSHIP,EQ,ABG Shipyard Limited,No Band,Derivative Product
ABIRLANUVO,EQ,Aditya Birla Nuvo Limited,No Band,Derivative Product/Nifty Midcap 50
ACC,EQ,ACC Limited,No Band,Derivative Product/Nifty
ADANIENT,EQ,Adani Enterprises Limited,No Band,Derivative Product
ADANIPORTS,EQ,Adani Ports and Special Economic Zone Limited,No Band,Derivative Product/CNX Infrastructure Index
ADANIPOWER,EQ,Adani Power Limited,No Band,Derivative Product/Nifty Midcap 50/CNX Infrastructure Index
ALBK,EQ,Allahabad Bank,No Band,Derivative Product/Nifty Midcap 50
ALOKTEXT,EQ,Alok Industries Limited,No Band,Derivative product
AMBUJACEM,EQ,Ambuja Cements Limited,No Band,Derivative Product/Nifty
ANDHRABANK,EQ,Andhra Bank,No Band,Derivative Product/Nifty Midcap 50
APIL,EQ,Alstom Projects India Limited,No Band,Derivative Product/Nifty Midcap 50
APOLLOTYRE,EQ,Apollo Tyres Limited,No Band,Derivative Product
ARVIND,EQ,Arvind Limited,No Band,Derivative Product
ASHOKLEY,EQ,Ashok Leyland Limited,No Band,Derivative Product/Nifty Midcap 50
ASIANPAINT,EQ,Asian Paints Limited,No Band,Derivative Product/S&P CNX Nifty
AUROPHARMA,EQ,Aurobindo Pharma Limited,No Band,Derivative Product/Nifty Midcap 50
AXISBANK,EQ,Axis Bank Limited,No Band,Derivative Product/Bank Nifty/Nifty
BAJAJ-AUTO,EQ,Bajaj Auto Limited,No Band,Derivative Product/Nifty
BAJAJHIND,EQ,Bajaj Hindusthan Limited,No Band,Derivative Product
BAJAJHLDNG,EQ,Bajaj Holdings & Investment Limited,No Band,Derivative product/Nifty MIDCAP 50
BALRAMCHIN,EQ,Balrampur Chini Mills Limited,No Band,Derivative Product
BANKBARODA,EQ,Bank of Baroda,No Band,Derivative Product/Bank Nifty/S&P CNX Nifty
BANKINDIA,EQ,Bank of India,No Band,Derivative Product/Bank Nifty
BATAINDIA,EQ,Bata India Limited,No Band,Derivative product
BEL,EQ,Bharat Electronics Limited,No Band,Derivative Product/CNX PSE Index/Nifty MIDCAP 50
BEML,EQ,BEML Limited,No Band,Derivative Product/Nifty Midcap 50
BFUTILITIE,EQ,BF Utilities Limited,No Band,Derivative Product
BGRENERGY,EQ,BGR Energy Systems Limited,No Band,Derivative Product
BHARATFORG,EQ,Bharat Forge Limited,No Band,Derivative Product/Nifty Midcap 50
BHARTIARTL,EQ,Bharti Airtel Limited,No Band,Derivative Product/Nifty/CNX Infrastructure Index
BHEL,EQ,Bharat Heavy Electricals Limited,No Band,Derivative Product/Nifty/CNX Infrastructure Index/CNX PSE Index
BHUSANSTL,EQ,Bhushan Steel Limited,No Band,Derivative Product
BIOCON,EQ,Biocon Limited,No Band,Derivative Product
BOMDYEING,EQ,Bombay Dyeing & Mfg Company Limited,No Band,Derivative product
BOSCHLTD,EQ,Bosch Limited,No Band,Derivative Product
BPCL,EQ,Bharat Petroleum Corporation Limited,No Band,Derivative Product/Nifty/CNX PSE Index
BRFL,EQ,Bombay Rayon Fashions Limited,No Band,Derivative Product
CAIRN,EQ,Cairn India Limited,No Band,Derivative Product/Nifty
CANBK,EQ,Canara Bank,No Band,Derivative Product/Bank Nifty
CENTRALBK,EQ,Central Bank of India,No Band,Derivative product
CENTURYTEX,EQ,Century Textiles & Industries Limited,No Band,Derivative Product
CESC,EQ,CESC Limited,No Band,Derivative Product/Nifty Midcap 50
CHAMBLFERT,EQ,Chambal Fertilizers & Chemicals Limited,No Band,Derivative Product
CIPLA,EQ,Cipla Limited,No Band,Derivative Product/Nifty
CMC,EQ,CMC Limited,No Band,CNX - IT
COALINDIA,EQ,Coal India Limited,No Band,Derivative product/Nifty/CNX PSE Index
COLPAL,EQ,Colgate Palmolive (India) Limited,No Band,Derivative Product
COREEDUTEC,EQ,CORE Education & Technologies Limited,No Band,CNX - IT/Derivative Product
CROMPGREAV,EQ,Crompton Greaves Limited,No Band,Derivative Product/CNX Infrastructure Index
CUMMINSIND,EQ,Cummins India Limited,No Band,Derivative Product/Nifty Midcap 50
DABUR,EQ,Dabur India Limited,No Band,Derivative Product
DCB,EQ,Development Credit Bank Limited,No Band,Derivative product
DELTACORP,EQ,Delta Corp Limited,No Band,Derivative product
DENABANK,EQ,Dena Bank,No Band,Derivative Product
DISHTV,EQ,Dish TV India Limited,No Band,Derivative Product
DIVISLAB,EQ,Divi\'s Laboratories Limited,No Band,Derivative Product/Nifty Midcap 50
DLF,EQ,DLF Limited,No Band,Derivative Product/Nifty
DRREDDY,EQ,Dr. Reddy\'s Laboratories Limited,No Band,Derivative Product/Nifty
EDUCOMP,EQ,Educomp Solutions Limited,No Band,Derivative Product/ CNX - IT/Nifty Midcap 50
ESCORTS,EQ,Escorts Limited,No Band,Derivative product
ESSAROIL,EQ,Essar Oil Limited,No Band,Derivative Product
EXIDEIND,EQ,Exide Industries Limited,No Band,Derivative Product
FEDERALBNK,EQ,The Federal Bank Limited,No Band,Derivative Product
FINANTECH,EQ,Financial Technologies (India) Limited,No Band,Derivative Product/CNX - IT
FORTIS,EQ,Fortis Healthcare (India) Limited,No Band,Derivative Product
GAIL,EQ,GAIL (India) Limited,No Band,Derivative Product/Nifty/CNX PSE Index
GESHIP,EQ,The Great Eastern Shipping Company Limited,No Band,Derivative Product/Nifty Midcap 50/CNX Infrastructure
GLAXO,EQ,GlaxoSmithKline Pharmaceuticals Limited,No Band,Derivative Product
GMDCLTD,EQ,Gujarat Mineral Development Corporation Limited,No Band,Derivative Product
GMRINFRA,EQ,GMR Infrastructure Limited,No Band,Derivative Product/CNX Infrastructure Index
GODREJIND,EQ,Godrej Industries Limited,No Band,Derivative Product
GRASIM,EQ,Grasim Industries Limited,No Band,Derivative Product/Nifty
GSPL,EQ,Gujarat State Petronet Limited,No Band,Derivative Product
GUJFLUORO,EQ,Gujarat Fluorochemicals Limited,No Band,Derivative product
GVKPIL,EQ,GVK Power & Infrastructure Limited,No Band,Derivative Product/Midcap 50
HAVELLS,EQ,Havells India Limited,No Band,Derivative product
HCC,EQ,Hindustan Construction Company Limited,No Band,Derivative Product
HCL-INSYS,EQ,HCL Infosystems Limited,No Band,CNX - IT
HCLTECH,EQ,HCL Technologies Limited,No Band,Derivative Product/Nifty/CNX - IT
HDFC,EQ,Housing Development Finance Corporation Limited,No Band,Derivative Product/Nifty
HDFCBANK,EQ,HDFC Bank Limited,No Band,Derivative Product/Nifty/Bank Nifty
HDIL,EQ,Housing Development and Infrastructure Limited,No Band,Derivative Product/Nifty Midcap 50
HEROMOTOCO,EQ,Hero MotoCorp Limited,No Band,Derivative Product/Nifty
HEXAWARE,EQ,Hexaware Technologies Limited,No Band,Derivative Product/CNX - IT
HINDALCO,EQ,Hindalco Industries Limited,No Band,Derivative Product/Nifty
HINDOILEXP,EQ,Hindustan Oil Exploration Company Limited,No Band,Derivative product
HINDPETRO,EQ,Hindustan Petroleum Corporation Limited,No Band,Derivative Product/CNX PSE Index
HINDUNILVR,EQ,Hindustan Unilever Limited,No Band,Derivative Product/Nifty
HINDZINC,EQ,Hindustan Zinc Limited,No Band,Derivative Product
IBREALEST,EQ,Indiabulls Real Estate Limited,No Band,Derivative Product
ICICIBANK,EQ,ICICI Bank Limited,No Band,Derivative Product/Nifty/Bank Nifty
IDBI,EQ,IDBI Bank Limited,No Band,Derivative Product/Nifty Midcap 50
IDEA,EQ,Idea Cellular Limited,No Band,Derivative Product/CNX Infrastructure Index
IDFC,EQ,Infrastructure Development Finance Company Limited,No Band,Derivative Product/Nifty
IFCI,EQ,IFCI Limited,No Band,Derivative Product
IGL,EQ,Indraprastha Gas Limited,No Band,Derivative product
INDHOTEL,EQ,The Indian Hotels Company Limited,No Band,Derivative Product/Midcap 50
INDIACEM,EQ,The India Cements Limited,No Band,Derivative Product/Nifty Midcap 50
INDIAINFO,EQ,India Infoline Limited,No Band,Derivative Product
INDIANB,EQ,Indian Bank,No Band,Derivative Product/Nifty Midcap 50
INDUSINDBK,EQ,IndusInd Bank Limited,No Band,Derivative product/Bank Nifty
INFY,EQ,Infosys Limited,No Band,Derivative Product/Nifty/CNX - IT
IOB,EQ,Indian Overseas Bank,No Band,Derivative Product
IOC,EQ,Indian Oil Corporation Limited,No Band,Derivative Product/CNX PSE Index
IRB,EQ,IRB Infrastructure Developers Limited,No Band,Derivative product
ITC,EQ,ITC Limited,No Band,Derivative Product/Nifty
IVRCLINFRA,EQ,IVRCL Limited,No Band,Derivative Product
JETAIRWAYS,EQ,Jet Airways (India) Limited,No Band,Derivative product
JINDALSAW,EQ,Jindal Saw Limited,No Band,Derivative Product
JINDALSTEL,EQ,Jindal Steel & Power Limited,No Band,Derivative Product /Nifty
JISLJALEQS,EQ,Jain Irrigation Systems Limited,No Band,Derivative Product/Nifty Midcap 50
JPASSOCIAT,EQ,Jaiprakash Associates Limited,No Band,Derivative Product/Nifty/CNX Infrastructure Index
JPPOWER,EQ,Jaiprakash Power Ventures Limited,No Band,Derivative Product
JSWENERGY,EQ,JSW Energy Limited,No Band,Derivative Product
JSWISPAT,EQ,JSW ISPAT Steel Limited,No Band,Derivative Product
JSWSTEEL,EQ,JSW Steel Limited,No Band,Derivative Product/Nifty Midcap 50
JUBLFOOD,EQ,Jubilant Foodworks Limited,No Band,Derivative Product
KOTAKBANK,EQ,Kotak Mahindra Bank Limited,No Band,Derivative Product/Bank Nifty/Nifty
KTKBANK,EQ,The Karnataka Bank Limited,No Band,Derivative product
LICHSGFIN,EQ,LIC Housing Finance Limited,No Band,Derivative Product
LITL,EQ,Lanco Infratech Limited,No Band,Derivative Product/Nifty Midcap 50/CNX Infrastructure Index
LT,EQ,Larsen & Toubro Limited,No Band,Derivative Product/Nifty/CNX Infrastructure Index
LUPIN,EQ,Lupin Limited,No Band,Derivative Product
M&M,EQ,Mahindra & Mahindra Limited,No Band,Derivative Product/Nifty
MARUTI,EQ,Maruti Suzuki India Limited,No Band,Derivative Product/Nifty
MAX,EQ,Max India Limited,No Band,Derivative product
MCDOWELL-N,EQ,United Spirits Limited,No Band,Derivative Product
MCLEODRUSS,EQ,Mcleod Russel India Limited,No Band,Derivative Product
MINDTREE,EQ,MindTree Limited,No Band,CNX - IT
MPHASIS,EQ,MphasiS Limited,No Band,Derivative Product/CNX - IT/Nifty Midcap 50
MRF,EQ,MRF Limited,No Band,Derivative product
MRPL,EQ,Mangalore Refinery and Petrochemicals Limited,No Band,Derivative Product
MTNL,EQ,Mahanagar Telephone Nigam Limited,No Band,Derivative Product
NAGAROIL,EQ,Nagarjuna Oil Refinery Limited,No Band,Derivative Product
NAUKRI,EQ,Info Edge (India) Limited,No Band,CNX IT
NCC,EQ,NCC Limited,No Band,Derivative Product/Nifty Midcap 50
NHPC,EQ,NHPC Limited,No Band,Derivative product/CNX Infrastructure Index/CNX PSE Index/Nifty MIDCAP 50
NMDC,EQ,NMDC Limited,No Band,Derivative Product/CNX PSE Index
NTPC,EQ,NTPC Limited,No Band,Derivative Product/Nifty/CNX Infrastructure Index/CNX PSE Index
OFSS,EQ,Oracle Financial Services Software Limited,No Band,Derivative Product/CNX - IT/Nifty Midcap 50
OIL,EQ,Oil India Limited,No Band,Derivative product/CNX PSE Index/Nifty MIDCAP 50
ONGC,EQ,Oil & Natural Gas Corporation Limited,No Band,Derivative Product/Nifty/CNX PSE Index
ONMOBILE,EQ,OnMobile Global Limited,No Band,Derivative product/CNX-IT
OPTOCIRCUI,EQ,Opto Circuits (India) Limited,No Band,Derivative Product/Nifty MIDCAP 50
ORCHIDCHEM,EQ,Orchid Chemicals & Pharmaceuticals Limited,No Band,Derivative Product
ORIENTBANK,EQ,Oriental Bank of Commerce,No Band,Derivative Product/Nifty MIDCAP 50
PANTALOONR,EQ,Pantaloon Retail (India) Limited,No Band,Derivative Product
PATELENG,EQ,Patel Engineering Limited,No Band,Derivative Product
PATNI,EQ,Patni Computer Systems Limited,No Band,Derivative Product/CNX - IT
PETRONET,EQ,Petronet LNG Limited,No Band,Derivative Product/Nifty Midcap 50
PFC,EQ,Power Finance Corporation Limited,No Band,Derivative Product/CNX PSE Index
PIRHEALTH,EQ,Piramal Healthcare Limited,No Band,Derivative Product/Nifty Midcap 50
PNB,EQ,Punjab National Bank,No Band,Derivative Product/Nifty/Bank Nifty
POLARIS,EQ,Polaris Financial Technology Limited,No Band,Derivative Product/CNX - IT
POWERGRID,EQ,Power Grid Corporation of India Limited,No Band,Derivative Product/Nifty/CNX Infrastructure Index/CNX PSE Index
PRAJIND,EQ,Praj Industries Limited,No Band,Derivative Product
PTC,EQ,PTC India Limited,No Band,Derivative Product
PUNJLLOYD,EQ,Punj Lloyd Limited,No Band,Derivative Product/Nifty Midcap 50/CNX Infrastructure Index
RANBAXY,EQ,Ranbaxy Laboratories Limited,No Band,Derivative Product/Nifty
RAYMOND,EQ,Raymond Limited,No Band,Derivative Product
RCOM,EQ,Reliance Communications Limited,No Band,Derivative Product/CNX Infrastructure Index
RECLTD,EQ,Rural Electrification Corporation Limited,No Band,Derivative Product/CNX PSE Index
RELCAPITAL,EQ,Reliance Capital Limited,No Band,Derivative Product/Nifty MIDCAP 50
RELIANCE,EQ,Reliance Industries Limited,No Band,Derivative Product/Nifty
RELINFRA,EQ,Reliance Infrastructure Limited,No Band,Derivative Product/Nifty/CNX Infrastructure Index
RENUKA,EQ,Shree Renuka Sugars Limited,No Band,Derivative Product
ROLTA,EQ,Rolta India Limited,No Band,Derivative Product/CNX - IT
RPOWER,EQ,Reliance Power Limited,No Band,Derivative Product/CNX Infrastructure Index/Nifty MIDCAP 50
RUCHISOYA,EQ,Ruchi Soya Industries Limited,No Band,Derivative Product
SAIL,EQ,Steel Authority of India Limited,No Band,Derivative Product/Nifty/CNX PSE Index
SBIN,EQ,State Bank of India,No Band,Derivative Product/Nifty/Bank Nifty
SCI,EQ,Shipping Corporation Of India Limited,No Band,Derivative Product/Nifty Midcap 50/CNX Infrastructure Index/CNX PSE Index
SESAGOA,EQ,Sesa Goa Limited,No Band,Derivative Product/Nifty
SIEMENS,EQ,Siemens Limited,No Band,Derivative Product/Nifty/CNX Infrastructure Index
SINTEX,EQ,Sintex Industries Limited,No Band,Derivative Product/Nifty Midcap 50
SKUMARSYNF,EQ,S. Kumars Nationwide Limited,No Band,Derivative product
SOBHA,EQ,Sobha Developers Limited,No Band,Derivative Product
SOUTHBANK,EQ,The South Indian Bank Limited,No Band,Derivative Product
SREINFRA,EQ,SREI Infrastructure Finance Limited,No Band,Derivative product
SRTRANSFIN,EQ,Shriram Transport Finance Company Limited,No Band,Derivative Product
STER,EQ,Sterlite Industries ( India ) Limited,No Band,Derivative Product/Nifty
STRTECH,EQ,Sterlite Technologies Limited,No Band,Derivative product
SUNPHARMA,EQ,Sun Pharmaceuticals Industries Limited,No Band,Derivative Product/Nifty
SUNTV,EQ,Sun TV Network Limited,No Band,Derivative Product
SUZLON,EQ,Suzlon Energy Limited,No Band,Derivative Product/CNX Infrastructure Index
SYNDIBANK,EQ,Syndicate Bank,No Band,Derivative Product/Nifty Midcap 50
TATACHEM,EQ,Tata Chemicals Limited,No Band,Derivative Product/Nifty Midcap 50
TATACOFFEE,EQ,Tata Coffee Limited,No Band,Derivative Product
TATACOMM,EQ,Tata Communications Limited,No Band,Derivative Product/CNX Infrastructure Index
TATAGLOBAL,EQ,Tata Global Beverages Limited,No Band,Derivative Product/Nifty Midcap 50
TATAMOTORS,EQ,Tata Motors Limited,No Band,Derivative Product/Nifty
TATAMTRDVR,EQ,Tata Motors Limited,No Band,Derivative product
TATAPOWER,EQ,Tata Power Company Limited,No Band,Derivative Product/Nifty/CNX Infrastructure Index
TATASTEEL,EQ,Tata Steel Limited,No Band,Derivative Product/Nifty
TCS,EQ,Tata Consultancy Services Limited,No Band,Derivative Product/Nifty/CNX - IT
TECHM,EQ,Tech Mahindra Limited,No Band,Derivative Product/CNX - IT/Nifty Midcap 50
TITAN,EQ,Titan Industries Limited,No Band,Derivative Product
TTKPRESTIG,EQ,TTK Prestige Limited,No Band,Derivative Product
TTML,EQ,Tata Teleservices (Maharashtra) Limited,No Band,Derivative Product
TULIP,EQ,Tulip Telecom Limited,No Band,CNX - IT
TVSMOTOR,EQ,TVS Motor Company Limited,No Band,Derivative product
UCOBANK,EQ,UCO Bank,No Band,Derivative Product
ULTRACEMCO,EQ,UltraTech Cement Limited,No Band,Derivative Product
UNIONBANK,EQ,Union Bank of India,No Band,Derivative Product/Bank Nifty/Nifty MIDCAP 50
UNIPHOS,EQ,United Phosphorus Limited,No Band,Derivative Product/Nifty Midcap 50
UNITECH,EQ,Unitech Limited,No Band,Derivative Product/Nifty Midcap 50
VIDEOIND,EQ,Videocon Industries Limited,No Band,Derivative Product
VIJAYABANK,EQ,Vijaya Bank,No Band,Derivative Product/Nifty Midcap 50
VIPIND,EQ,VIP Industries Limited,No Band,Derivative Product
VOLTAS,EQ,Voltas Limited,No Band,Derivative Product/Nifty Midcap 50/CNX Infrastructure Index
WELCORP,EQ,Welspun Corp Limited,No Band,Derivative Product/Midcap 50
WIPRO,EQ,Wipro Limited,No Band,Derivative Product/Nifty/CNX - IT
YESBANK,EQ,Yes Bank Limited,No Band,Derivative Product/Bank Nifty
ZEEL,EQ,Zee Entertainment Enterprises Limited,No Band,Derivative Product

